adjuster_id,total_claims,total_claim_amount,suspicious_claims,pending_claims,workload_level
102,10,278918.57,5,6,High
251,10,260192.18,4,4,High
264,10,177981.43,3,3,High
236,10,210676.22999999998,4,2,High
190,10,163077.59,1,3,High
143,9,224013.12,6,3,Medium
117,9,212371.27000000002,1,4,Medium
282,9,262142.88,2,3,Medium
228,9,235095.87,2,5,Medium
202,9,291292.54000000004,5,5,Medium
224,9,222365.51,4,2,Medium
146,8,115786.36,1,1,Medium
128,8,269718.56,3,1,Medium
275,8,222072.3,2,4,Medium
299,8,169942.90999999997,3,2,Medium
208,8,268884.73,4,4,Medium
232,8,146224.65,2,0,Medium
170,8,171363.33000000002,6,4,Medium
164,8,208025.25,4,1,Medium
104,8,228051.61,5,4,Medium
101,8,263463.25,4,5,Medium
110,8,216130.07,4,4,Medium
124,8,199267.99,4,1,Medium
156,8,173535.89,4,0,Medium
159,8,296508.44,3,4,Medium
223,8,160846.33000000002,3,3,Medium
198,8,201898.41,3,3,Medium
250,8,205699.01,2,3,Medium
219,7,192823.48,3,0,Medium
133,7,217239.3,2,2,Medium
139,7,196325.69,0,1,Medium
113,7,272503.64,5,4,Medium
149,7,195104.85,3,2,Medium
112,7,181815.59,2,1,Medium
227,7,221689.34,2,4,Medium
226,7,167143.01,2,3,Medium
181,7,164016.48,1,3,Medium
184,7,158259.53,2,1,Medium
213,7,247887.65,6,2,Medium
273,7,170901.66,4,5,Medium
258,7,176988.27000000002,5,1,Medium
293,7,98141.28,4,5,Medium
173,6,121950.99,1,3,Medium
234,6,166531.43,3,4,Medium
216,6,129065.69,3,2,Medium
199,6,125803.59000000001,3,4,Medium
200,6,148769.96000000002,3,3,Medium
195,6,134422.03,5,2,Medium
189,6,143580.46,3,3,Medium
185,6,121766.89,5,4,Medium
119,6,142116.32,2,1,Medium
163,6,145767.98,1,2,Medium
106,6,178328.99,4,1,Medium
105,6,119528.4,1,4,Medium
108,6,163133.58000000002,2,4,Medium
134,6,142183.27000000002,2,2,Medium
130,6,192771.05,3,1,Medium
114,6,118649.19,1,2,Medium
132,6,67674.36,0,3,Medium
166,6,183203.14,2,2,Medium
171,6,127030.63,5,2,Medium
168,6,173517.47,2,2,Medium
169,6,156404.44,2,1,Medium
160,6,150200.38,1,3,Medium
188,6,157308.24,3,1,Medium
177,6,137139.09,4,3,Medium
269,6,140593.85,2,3,Medium
295,6,128289.11000000002,2,1,Medium
279,6,162178.19,5,3,Medium
253,6,107090.33,2,0,Medium
256,6,186476.27,4,1,Medium
248,6,173689.33000000002,3,2,Medium
246,6,149611.35,1,1,Medium
186,6,214952.02000000002,2,1,Medium
257,5,160183.27,2,3,Medium
118,5,158087.16,3,2,Medium
138,5,121626.88,2,1,Medium
136,5,112388.24,4,3,Medium
131,5,110485.54000000001,3,2,Medium
157,5,114040.54000000001,3,2,Medium
158,5,110977.35,3,1,Medium
103,5,142744.09,3,0,Medium
120,5,106345.48999999999,2,3,Medium
286,5,146820.62,1,2,Medium
300,5,129887.54,4,2,Medium
276,5,83053.93,2,1,Medium
284,5,118578.82,1,0,Medium
262,5,159441.45,1,0,Medium
254,5,188117.88999999998,3,3,Medium
214,5,132836.38,3,0,Medium
220,5,116307.77,3,2,Medium
229,5,90856.62,1,1,Medium
187,5,137035.34,0,0,Medium
225,5,98481.01,0,2,Medium
263,5,88724.26,2,3,Medium
239,5,106193.04999999999,2,3,Medium
237,5,122115.11,2,2,Medium
285,5,125975.33,1,1,Medium
287,5,146233.31,4,3,Medium
194,5,129726.05,3,1,Medium
153,5,152328.04,2,0,Medium
109,5,129551.16,3,1,Medium
161,5,199060.36,3,3,Medium
151,5,175315.96,4,2,Medium
129,5,112265.33,2,3,Medium
115,5,202964.31,2,0,Medium
192,5,185220.43,3,3,Medium
175,5,174814.23,2,2,Medium
191,5,115416.55000000002,1,1,Medium
204,5,112733.92,2,2,Medium
180,5,142219.01,3,1,Medium
298,4,89102.34,1,2,Low
296,4,69306.79,1,0,Low
281,4,99910.72,1,2,Low
252,4,96184.42,1,1,Low
206,4,101987.20000000001,1,1,Low
294,4,106093.86000000002,2,1,Low
283,4,54634.32,1,4,Low
280,4,139815.72,2,0,Low
290,4,93979.0,2,0,Low
274,4,106680.11,0,2,Low
137,4,107344.98000000001,1,1,Low
135,4,81423.75,1,1,Low
140,4,77190.42,1,2,Low
162,4,137136.84,3,1,Low
144,4,34545.67,3,1,Low
121,4,113254.42,1,0,Low
125,4,134423.19,1,1,Low
127,4,107824.24,2,2,Low
141,4,144873.14,1,1,Low
148,4,127993.53,3,1,Low
167,4,98325.48999999999,1,1,Low
292,4,116300.38,1,1,Low
255,4,98736.53,0,2,Low
268,4,69341.09,2,2,Low
243,4,140871.56,2,2,Low
212,4,51414.18,2,1,Low
203,4,115897.69,3,3,Low
218,4,95922.78,2,3,Low
231,4,98059.67000000001,0,2,Low
235,4,89576.68000000001,2,1,Low
221,4,90437.04000000001,1,1,Low
182,4,78926.23999999999,0,1,Low
176,4,141213.02,3,2,Low
196,4,96427.87,2,0,Low
211,4,151151.9,3,1,Low
233,4,78040.7,0,0,Low
249,4,106321.27,1,2,Low
116,3,90621.48999999999,2,1,Low
111,3,109907.57,2,1,Low
145,3,73854.95000000001,1,1,Low
107,3,115350.47,3,1,Low
172,3,69447.65,1,2,Low
291,3,79394.39,0,1,Low
289,3,96842.85,2,1,Low
278,3,78271.51000000001,2,0,Low
266,3,46364.16,2,1,Low
260,3,109799.13,1,0,Low
261,3,129505.65,3,1,Low
155,3,104801.64,3,1,Low
152,3,68610.97,1,1,Low
154,3,94459.86,1,1,Low
123,3,46759.58,1,1,Low
142,3,74760.05,1,0,Low
178,3,84576.56999999999,1,1,Low
209,3,50258.43,1,0,Low
217,3,67246.12000000001,2,1,Low
210,3,79721.56,1,1,Low
179,3,92671.68,2,1,Low
288,3,72233.6,0,1,Low
297,3,50087.19,1,2,Low
277,3,79429.77,2,1,Low
271,3,126017.33,2,1,Low
242,3,25258.53,2,1,Low
244,3,95750.56000000001,0,1,Low
247,3,75688.87,2,0,Low
222,3,55351.22,1,0,Low
215,3,63526.15,2,2,Low
174,3,90109.79000000001,0,0,Low
238,3,77925.0,1,1,Low
240,3,71448.73999999999,0,1,Low
241,3,72945.8,1,0,Low
267,3,61640.31,0,2,Low
122,2,83720.22,1,0,Low
100,2,20292.61,0,0,Low
265,2,75493.68,1,0,Low
165,2,35731.75,2,1,Low
147,2,20766.49,0,0,Low
126,2,59702.22,0,2,Low
201,2,35828.72,0,0,Low
193,2,45178.369999999995,0,0,Low
205,2,66277.25,0,1,Low
207,2,7054.55,2,0,Low
270,2,60611.16,1,2,Low
259,2,87461.57,2,1,Low
230,2,75881.61,2,0,Low
245,2,18491.39,0,0,Low
150,1,40317.26,1,0,Low
197,1,33883.53,1,1,Low
183,1,24684.57,0,0,Low
272,1,15233.86,0,0,Low
