customer_id,total_claims,total_claim_amount,suspicious_claims,high_value_claims,risk_score,risk_level
4418,3,52570.01,3,1,180.257001,High
3324,2,88737.42,2,2,158.873742,High
1293,2,83957.20999999999,2,2,158.395721,High
3472,2,82360.43,2,2,158.236043,High
3978,2,78796.37,2,2,157.879637,High
2102,2,78480.98000000001,2,2,157.848098,High
3553,2,75040.93000000001,2,2,157.504093,High
1102,2,73747.32,2,2,157.374732,High
1331,2,73707.82,2,2,157.370782,High
4653,2,69132.61,2,2,156.913261,High
4994,2,68795.63,2,2,156.879563,High
3702,2,76032.03,2,1,132.603203,High
1202,2,71582.85,2,1,132.158285,High
3286,3,69976.20000000001,2,1,131.99762,High
3124,2,69011.64,2,1,131.901164,High
4407,2,53566.67,2,1,130.356667,High
2245,3,52886.66,2,1,130.288666,High
2920,2,50454.3,2,1,130.04543,High
1144,2,50294.259999999995,2,1,130.029426,High
3464,2,35049.4,2,1,128.50494,High
3794,3,105393.4,1,2,110.53934,High
1019,2,94894.39,1,2,109.489439,High
3194,2,86641.79000000001,1,2,108.664179,High
2394,2,86530.82999999999,1,2,108.653083,High
3934,2,86507.48000000001,1,2,108.65074800000001,High
4026,2,83450.48999999999,1,2,108.345049,High
4731,2,82371.39000000001,1,2,108.237139,High
3987,2,81641.3,1,2,108.16413,High
2419,2,81303.05,1,2,108.13030499999999,High
2673,2,81071.09,1,2,108.107109,High
2409,2,78534.78,1,2,107.853478,High
2838,2,73976.62,1,2,107.397662,High
2923,2,69457.69,1,2,106.945769,High
4392,2,66980.54000000001,1,2,106.698054,High
4829,2,66300.63,1,2,106.630063,High
2858,2,43578.01,2,0,104.357801,High
3862,2,42074.43,2,0,104.207443,High
3724,2,38447.81,2,0,103.844781,High
2060,2,17577.46,2,0,101.757746,High
3496,3,81243.13,1,1,83.124313,Medium
3389,2,75649.98999999999,1,1,82.564999,Medium
3938,2,74784.45999999999,1,1,82.478446,Medium
3797,3,71961.51,1,1,82.196151,Medium
4667,2,66289.23999999999,1,1,81.628924,Medium
3316,3,64053.51,1,1,81.405351,Medium
3904,2,62384.689999999995,1,1,81.238469,Medium
1606,2,61880.51,1,1,81.188051,Medium
2502,2,61155.13,1,1,81.11551299999999,Medium
2828,2,57893.47,1,1,80.789347,Medium
2320,2,57443.39,1,1,80.744339,Medium
2760,2,56489.95999999999,1,1,80.648996,Medium
1127,2,53623.79,1,1,80.362379,Medium
3431,2,52931.82000000001,1,1,80.293182,Medium
3920,2,52915.04,1,1,80.291504,Medium
2528,2,51253.54,1,1,80.125354,Medium
3355,1,49833.95,1,1,79.983395,Medium
3312,1,49797.09,1,1,79.979709,Medium
3519,1,49736.61,1,1,79.97366099999999,Medium
4930,1,49516.4,1,1,79.95164,Medium
1553,1,49498.01,1,1,79.949801,Medium
4649,1,49366.3,1,1,79.93663,Medium
3356,1,49220.04,1,1,79.922004,Medium
2554,1,49203.1,1,1,79.92031,Medium
2116,1,49136.0,1,1,79.9136,Medium
4578,1,49065.54,1,1,79.906554,Medium
1449,1,48799.98,1,1,79.879998,Medium
2544,1,48692.91,1,1,79.869291,Medium
2401,1,48658.88,1,1,79.865888,Medium
4413,1,48586.95,1,1,79.858695,Medium
1040,1,48516.98,1,1,79.851698,Medium
4603,1,48514.01,1,1,79.851401,Medium
2940,1,48465.85,1,1,79.846585,Medium
3152,1,48404.9,1,1,79.84049,Medium
3638,1,48395.48,1,1,79.83954800000001,Medium
4935,1,48392.29,1,1,79.839229,Medium
4454,1,48374.15,1,1,79.837415,Medium
2863,1,48280.33,1,1,79.828033,Medium
3679,1,48227.6,1,1,79.82276,Medium
3304,1,48101.86,1,1,79.810186,Medium
4589,1,48043.1,1,1,79.80431,Medium
1291,1,47998.94,1,1,79.799894,Medium
1910,1,47799.69,1,1,79.779969,Medium
2236,2,47663.630000000005,1,1,79.766363,Medium
2708,1,47540.74,1,1,79.754074,Medium
2837,1,47469.29,1,1,79.746929,Medium
2615,1,47455.99,1,1,79.745599,Medium
4758,1,47085.22,1,1,79.708522,Medium
4321,1,46892.71,1,1,79.689271,Medium
2253,2,46472.3,1,1,79.64723000000001,Medium
3855,1,46425.82,1,1,79.642582,Medium
2819,1,46331.91,1,1,79.633191,Medium
1885,1,46095.02,1,1,79.609502,Medium
4383,1,45977.07,1,1,79.597707,Medium
3212,1,45946.93,1,1,79.594693,Medium
1364,1,45899.83,1,1,79.589983,Medium
1547,1,45762.1,1,1,79.57621,Medium
2653,1,45726.45,1,1,79.572645,Medium
1358,2,45612.51,1,1,79.561251,Medium
2326,1,45570.48,1,1,79.557048,Medium
4923,1,45554.12,1,1,79.555412,Medium
3273,1,45491.47,1,1,79.549147,Medium
4389,1,45415.04,1,1,79.541504,Medium
2446,1,45369.16,1,1,79.536916,Medium
1877,1,45270.18,1,1,79.527018,Medium
3620,1,45219.96,1,1,79.521996,Medium
4485,1,45039.18,1,1,79.503918,Medium
3296,2,45023.78,1,1,79.502378,Medium
2155,1,44993.52,1,1,79.499352,Medium
4309,1,44988.67,1,1,79.498867,Medium
2191,2,44979.22,1,1,79.497922,Medium
4607,1,44760.88,1,1,79.476088,Medium
3096,1,44753.85,1,1,79.475385,Medium
2652,1,44748.56,1,1,79.474856,Medium
4202,1,44423.14,1,1,79.442314,Medium
1448,1,44371.37,1,1,79.437137,Medium
4556,1,44248.77,1,1,79.424877,Medium
3375,1,44194.6,1,1,79.41946,Medium
2556,1,44095.4,1,1,79.40953999999999,Medium
1421,1,43998.43,1,1,79.399843,Medium
1707,1,43839.38,1,1,79.383938,Medium
3055,1,43708.82,1,1,79.370882,Medium
3168,1,43622.19,1,1,79.362219,Medium
3072,1,43531.85,1,1,79.353185,Medium
3526,1,43525.47,1,1,79.352547,Medium
2353,1,43252.17,1,1,79.325217,Medium
1479,2,42818.43,1,1,79.281843,Medium
2963,1,42764.14,1,1,79.276414,Medium
4224,1,42748.98,1,1,79.27489800000001,Medium
3497,1,42702.82,1,1,79.270282,Medium
2783,1,42608.33,1,1,79.260833,Medium
1267,1,42604.96,1,1,79.260496,Medium
2511,1,42556.36,1,1,79.255636,Medium
1027,2,42514.11,1,1,79.251411,Medium
3769,1,42487.38,1,1,79.248738,Medium
1307,1,42173.25,1,1,79.217325,Medium
3564,1,42171.81,1,1,79.217181,Medium
1472,1,42144.23,1,1,79.214423,Medium
2953,1,41953.93,1,1,79.195393,Medium
4067,1,41795.48,1,1,79.179548,Medium
4324,1,41727.79,1,1,79.172779,Medium
2457,1,41612.73,1,1,79.161273,Medium
2435,1,41215.38,1,1,79.121538,Medium
3353,1,41129.09,1,1,79.112909,Medium
2345,1,41000.0,1,1,79.1,Medium
2019,1,40845.28,1,1,79.084528,Medium
4473,1,40631.2,1,1,79.06312,Medium
1611,1,40363.37,1,1,79.036337,Medium
3721,1,40317.26,1,1,79.031726,Medium
4733,1,40250.85,1,1,79.025085,Medium
3657,1,40248.1,1,1,79.02481,Medium
4688,1,40123.58,1,1,79.012358,Medium
3291,1,40004.72,1,1,79.000472,Medium
4403,1,39995.47,1,1,78.999547,Medium
1617,1,39970.31,1,1,78.99703099999999,Medium
4828,1,39740.26,1,1,78.974026,Medium
2493,1,39697.3,1,1,78.96973,Medium
1478,1,39652.97,1,1,78.965297,Medium
3207,1,39625.74,1,1,78.962574,Medium
1117,1,39544.72,1,1,78.954472,Medium
4366,1,39447.98,1,1,78.944798,Medium
4803,1,39387.52,1,1,78.938752,Medium
4740,1,39346.63,1,1,78.934663,Medium
4185,1,39332.32,1,1,78.933232,Medium
2072,1,39255.15,1,1,78.925515,Medium
2084,1,39252.34,1,1,78.925234,Medium
4131,1,39247.13,1,1,78.924713,Medium
3361,1,39089.31,1,1,78.908931,Medium
1917,1,38874.67,1,1,78.887467,Medium
4857,1,38806.1,1,1,78.88061,Medium
3722,1,38744.11,1,1,78.874411,Medium
1434,1,38700.39,1,1,78.870039,Medium
4892,1,38603.03,1,1,78.860303,Medium
4148,1,38561.15,1,1,78.856115,Medium
3819,1,38559.92,1,1,78.855992,Medium
1812,1,38546.83,1,1,78.854683,Medium
4655,1,38544.11,1,1,78.854411,Medium
2588,1,38526.29,1,1,78.85262900000001,Medium
3444,2,38495.83,1,1,78.849583,Medium
1961,1,38216.11,1,1,78.821611,Medium
4118,1,37968.19,1,1,78.796819,Medium
1246,1,37877.39,1,1,78.787739,Medium
1947,1,37710.75,1,1,78.771075,Medium
4714,1,37677.55,1,1,78.767755,Medium
4790,1,37663.64,1,1,78.766364,Medium
2581,1,37575.46,1,1,78.757546,Medium
1190,1,37562.86,1,1,78.756286,Medium
1401,1,37544.97,1,1,78.754497,Medium
3351,1,37369.26,1,1,78.736926,Medium
1786,1,37212.5,1,1,78.72125,Medium
4090,1,37209.92,1,1,78.720992,Medium
3528,1,37045.96,1,1,78.704596,Medium
2122,1,36920.65,1,1,78.692065,Medium
1615,1,36899.11,1,1,78.689911,Medium
2578,1,36680.19,1,1,78.668019,Medium
4376,1,36627.45,1,1,78.662745,Medium
3966,1,36418.36,1,1,78.641836,Medium
1781,1,36396.42,1,1,78.639642,Medium
4742,1,36018.38,1,1,78.601838,Medium
1966,1,35882.48,1,1,78.588248,Medium
1586,1,35844.39,1,1,78.584439,Medium
1772,1,35812.36,1,1,78.581236,Medium
4154,1,35747.75,1,1,78.574775,Medium
4139,1,35745.88,1,1,78.574588,Medium
4904,1,35285.25,1,1,78.528525,Medium
4616,1,35244.0,1,1,78.5244,Medium
3441,1,35189.37,1,1,78.518937,Medium
1453,1,35119.11,1,1,78.511911,Medium
4337,1,35105.97,1,1,78.510597,Medium
1334,1,34921.63,1,1,78.492163,Medium
2195,1,34811.28,1,1,78.481128,Medium
4084,1,34762.86,1,1,78.476286,Medium
1960,1,34508.89,1,1,78.450889,Medium
4640,1,34421.77,1,1,78.442177,Medium
2352,1,34414.53,1,1,78.441453,Medium
4713,1,34299.23,1,1,78.429923,Medium
4958,1,34251.24,1,1,78.425124,Medium
2472,1,34238.03,1,1,78.423803,Medium
4465,1,34117.93,1,1,78.411793,Medium
1900,1,34113.21,1,1,78.411321,Medium
1754,1,34053.47,1,1,78.405347,Medium
3832,1,33883.53,1,1,78.388353,Medium
3560,1,33859.86,1,1,78.385986,Medium
2114,1,33815.92,1,1,78.381592,Medium
2070,1,33767.4,1,1,78.37674,Medium
4752,1,33596.4,1,1,78.35964,Medium
4840,1,33363.56,1,1,78.336356,Medium
3352,1,33354.24,1,1,78.335424,Medium
3066,1,32792.72,1,1,78.279272,Medium
4951,1,32773.65,1,1,78.277365,Medium
4360,1,32703.25,1,1,78.270325,Medium
4155,1,32542.75,1,1,78.254275,Medium
1086,1,32522.06,1,1,78.252206,Medium
3995,1,32460.46,1,1,78.246046,Medium
1269,1,32378.39,1,1,78.237839,Medium
4279,1,32367.39,1,1,78.236739,Medium
4235,1,32046.33,1,1,78.204633,Medium
1697,1,31845.22,1,1,78.184522,Medium
2468,1,31802.93,1,1,78.180293,Medium
4250,1,31770.3,1,1,78.17703,Medium
1203,1,31697.03,1,1,78.169703,Medium
3426,1,31628.57,1,1,78.162857,Medium
2422,1,31554.99,1,1,78.155499,Medium
4460,1,31502.96,1,1,78.150296,Medium
1643,1,31476.23,1,1,78.147623,Medium
3199,1,31451.8,1,1,78.14518,Medium
1888,1,31369.09,1,1,78.136909,Medium
3365,1,31346.64,1,1,78.134664,Medium
3370,1,31239.91,1,1,78.123991,Medium
4624,1,31140.77,1,1,78.114077,Medium
1882,1,31049.88,1,1,78.104988,Medium
1376,1,30939.97,1,1,78.093997,Medium
3502,1,30835.4,1,1,78.08354,Medium
1477,1,30763.09,1,1,78.076309,Medium
3460,1,30529.8,1,1,78.05298,Medium
4773,1,30429.26,1,1,78.042926,Medium
1612,1,30320.87,1,1,78.032087,Medium
3889,1,30200.13,1,1,78.020013,Medium
4106,1,30003.28,1,1,78.000328,Medium
3651,2,89790.78,0,2,58.979078,Medium
2385,2,82993.41,0,2,58.299341,Medium
1049,2,78625.54999999999,0,2,57.862555,Medium
4478,2,72927.69,0,2,57.292769,Medium
4654,2,54920.99,1,0,55.492098999999996,Medium
3773,2,53136.54,1,0,55.313654,Medium
2512,2,49221.51,1,0,54.922151,Medium
4625,2,35252.03,1,0,53.525203,Medium
1897,2,32753.23,1,0,53.275323,Medium
4608,2,31012.23,1,0,53.101223,Medium
1948,2,29844.840000000004,1,0,52.984484,Medium
1278,1,29502.31,1,0,52.950231,Medium
2690,1,29469.45,1,0,52.946945,Medium
1497,1,29414.55,1,0,52.941455,Medium
2381,1,29346.64,1,0,52.934664,Medium
3495,1,29111.48,1,0,52.911148,Medium
4849,1,28904.46,1,0,52.890446,Medium
1624,1,28802.22,1,0,52.880222,Medium
1030,1,28615.3,1,0,52.86153,Medium
2607,1,27895.4,1,0,52.78954,Medium
4963,1,27849.73,1,0,52.784973,Medium
1637,1,27431.97,1,0,52.743197,Medium
2132,1,27415.76,1,0,52.741576,Medium
4521,1,26416.14,1,0,52.641614,Medium
2526,1,25921.45,1,0,52.592145,Medium
2473,1,25706.98,1,0,52.570698,Medium
4101,1,25596.98,1,0,52.559698,Medium
3097,1,25573.49,1,0,52.557349,Medium
1785,1,25377.34,1,0,52.537734,Medium
1722,1,25333.58,1,0,52.533358,Medium
1355,1,24473.78,1,0,52.447378,Medium
1396,1,24195.43,1,0,52.419543,Medium
4696,1,23863.99,1,0,52.386399,Medium
1451,1,23743.42,1,0,52.374342,Medium
2661,1,23736.54,1,0,52.373654,Medium
4897,1,23702.88,1,0,52.370288,Medium
3642,1,23669.53,1,0,52.366953,Medium
1907,1,23533.01,1,0,52.353301,Medium
2489,1,23335.3,1,0,52.33353,Medium
3204,1,22923.76,1,0,52.292376,Medium
2262,1,22832.8,1,0,52.28328,Medium
2196,1,22807.33,1,0,52.280733,Medium
4412,1,22324.24,1,0,52.232424,Medium
2639,1,22232.24,1,0,52.223224,Medium
3989,1,22230.83,1,0,52.223083,Medium
1511,1,22075.14,1,0,52.207514,Medium
2665,2,21376.78,1,0,52.137678,Medium
1825,1,21356.53,1,0,52.135653,Medium
1792,1,21332.91,1,0,52.133291,Medium
4142,1,20603.0,1,0,52.0603,Medium
3795,1,20554.81,1,0,52.055481,Medium
4488,2,20458.11,1,0,52.045811,Medium
1357,1,20373.32,1,0,52.037332,Medium
3596,1,20348.26,1,0,52.034826,Medium
1537,1,20198.74,1,0,52.019874,Medium
1097,1,19698.14,1,0,51.969814,Medium
3325,1,19650.56,1,0,51.965056,Medium
3234,1,19368.64,1,0,51.936864,Medium
4493,1,19330.42,1,0,51.933042,Medium
2658,1,18812.23,1,0,51.881223,Medium
3935,1,18519.92,1,0,51.851992,Medium
2478,1,18509.15,1,0,51.850915,Medium
1567,1,17695.99,1,0,51.769599,Medium
1120,1,17096.21,1,0,51.709621,Medium
1816,1,16811.76,1,0,51.681176,Medium
2087,1,16740.2,1,0,51.67402,Medium
1575,1,16641.73,1,0,51.664173,Medium
4617,1,16325.35,1,0,51.632535,Medium
1928,1,15862.56,1,0,51.586256,Medium
4006,1,15633.42,1,0,51.563342,Medium
3255,1,15392.31,1,0,51.539231,Medium
3303,1,15342.33,1,0,51.534233,Medium
3551,1,15254.69,1,0,51.525469,Medium
1173,1,14985.43,1,0,51.498543,Medium
4641,1,14369.28,1,0,51.436928,Medium
4563,1,14306.93,1,0,51.430693,Medium
4054,1,14050.03,1,0,51.405003,Medium
2358,1,13744.17,1,0,51.374417,Medium
4464,1,13493.9,1,0,51.34939,Medium
4306,1,13357.51,1,0,51.335751,Medium
1748,1,12912.02,1,0,51.291202,Medium
3390,1,12703.78,1,0,51.270378,Medium
2005,1,11869.38,1,0,51.186938,Medium
4158,1,11781.15,1,0,51.178115,Medium
1398,1,11613.11,1,0,51.161311,Medium
1249,2,11215.07,1,0,51.121507,Medium
2110,1,10969.24,1,0,51.096924,Medium
1377,1,10936.57,1,0,51.093657,Medium
3009,1,10187.59,1,0,51.018759,Medium
4426,1,10140.49,1,0,51.014049,Medium
2096,1,10043.21,1,0,51.004321,Medium
2517,1,9514.06,1,0,50.951406,Medium
4680,1,9330.24,1,0,50.933024,Medium
2074,2,9013.73,1,0,50.901373,Medium
3275,1,8898.16,1,0,50.889816,Medium
2432,1,8866.05,1,0,50.886605,Medium
3331,1,8763.4,1,0,50.87634,Medium
2282,1,8532.27,1,0,50.853227,Medium
1983,1,8239.88,1,0,50.823988,Medium
3508,1,8235.76,1,0,50.823576,Medium
2254,1,8216.85,1,0,50.821685,Medium
1076,1,8196.04,1,0,50.819604,Medium
1889,1,8112.74,1,0,50.811274,Medium
3884,1,8092.25,1,0,50.809225,Medium
3285,1,7680.72,1,0,50.768072,Medium
1485,1,7620.7,1,0,50.76207,Medium
2846,1,7359.4,1,0,50.73594,Medium
2291,1,7358.25,1,0,50.735825,Medium
4650,1,7346.32,1,0,50.734632,Medium
2542,1,7168.29,1,0,50.716829,Medium
2215,1,6977.76,1,0,50.697776,Medium
2047,1,6866.61,1,0,50.686661,Medium
3641,1,6550.12,1,0,50.655012,Medium
2617,1,6503.8,1,0,50.65038,Medium
1206,1,6306.34,1,0,50.630634,Medium
3798,1,6119.25,1,0,50.611925,Medium
1446,1,5782.43,1,0,50.578243,Medium
2623,1,5177.1,1,0,50.51771,Medium
3363,1,5097.77,1,0,50.509777,Medium
3745,1,5035.39,1,0,50.503539,Medium
1163,1,4818.92,1,0,50.481892,Medium
2584,1,4804.52,1,0,50.480452,Medium
1225,1,4473.93,1,0,50.447393,Medium
2874,1,4411.54,1,0,50.441154,Medium
1868,1,4407.6,1,0,50.44076,Medium
2302,1,3990.94,1,0,50.399094,Medium
4091,1,3194.33,1,0,50.319433,Medium
3103,1,3119.11,1,0,50.311911,Medium
4459,1,3063.61,1,0,50.306361,Medium
1560,1,2939.03,1,0,50.293903,Medium
3628,1,2839.71,1,0,50.283971,Medium
1473,1,2707.81,1,0,50.270781,Medium
1599,1,2430.02,1,0,50.243002,Medium
4479,1,2200.47,1,0,50.220047,Medium
2568,1,2125.95,1,0,50.212595,Medium
4200,1,1869.74,1,0,50.186974,Medium
1501,1,1517.38,1,0,50.151738,Medium
4135,2,73363.02,0,1,32.336302,Low
2080,2,65284.53,0,1,31.528453,Low
1694,2,61399.509999999995,0,1,31.139951,Low
2719,2,55295.8,0,1,30.52958,Low
4358,1,49968.27,0,1,29.996827,Low
4284,1,49925.52,0,1,29.992552,Low
4744,1,49419.1,0,1,29.94191,Low
4966,2,49243.4,0,1,29.92434,Low
3409,1,49123.93,0,1,29.912393,Low
1339,1,49060.02,0,1,29.906002,Low
3260,1,48969.03,0,1,29.896903000000002,Low
3757,2,48892.92999999999,0,1,29.889293,Low
3250,2,48821.33,0,1,29.882133,Low
3155,1,48596.16,0,1,29.859616,Low
3256,1,48582.11,0,1,29.858211,Low
3591,1,48501.3,0,1,29.85013,Low
2450,1,48412.39,0,1,29.841239,Low
1841,1,48337.3,0,1,29.83373,Low
2365,1,48262.2,0,1,29.82622,Low
4423,1,48099.24,0,1,29.809924,Low
1628,1,48001.97,0,1,29.800197,Low
3045,1,47810.57,0,1,29.781057,Low
2631,2,47754.67,0,1,29.775467,Low
1490,1,47721.59,0,1,29.772159,Low
1952,1,47670.32,0,1,29.767032,Low
3851,1,47577.73,0,1,29.757773,Low
3115,1,47575.79,0,1,29.757579,Low
4001,1,47114.45,0,1,29.711444999999998,Low
1248,1,47034.82,0,1,29.703482,Low
4776,1,46985.98,0,1,29.698598,Low
4804,1,46835.13,0,1,29.683512999999998,Low
2959,1,46769.89,0,1,29.676989,Low
2505,2,46656.869999999995,0,1,29.665687,Low
3590,1,46602.35,0,1,29.660235,Low
4812,1,46578.33,0,1,29.657833,Low
3706,1,46520.3,0,1,29.65203,Low
1042,1,45901.35,0,1,29.590135,Low
2694,1,45775.46,0,1,29.577545999999998,Low
3728,1,45753.22,0,1,29.575322,Low
1275,1,45635.22,0,1,29.563522,Low
3334,1,45473.36,0,1,29.547336,Low
3428,2,45425.83,0,1,29.542583,Low
2884,1,45095.33,0,1,29.509533,Low
1809,1,44768.66,0,1,29.476866,Low
3058,1,44560.01,0,1,29.456001,Low
4477,1,44437.48,0,1,29.443748,Low
4825,1,44420.44,0,1,29.442044,Low
1520,1,43548.98,0,1,29.354898,Low
1008,1,43519.71,0,1,29.351971,Low
4463,1,43465.55,0,1,29.346555000000002,Low
4204,1,42956.94,0,1,29.295694,Low
1908,1,42811.82,0,1,29.281182,Low
4218,1,42810.74,0,1,29.281074,Low
4924,1,42778.97,0,1,29.277897,Low
1502,1,42525.2,0,1,29.25252,Low
3036,1,42422.49,0,1,29.242249,Low
2812,1,42302.02,0,1,29.230202,Low
2136,1,42251.75,0,1,29.225175,Low
3616,1,42212.94,0,1,29.221294,Low
4372,1,42109.13,0,1,29.210912999999998,Low
2937,1,42066.12,0,1,29.206612,Low
2260,1,42025.0,0,1,29.2025,Low
2151,1,41232.64,0,1,29.123264,Low
2888,1,41207.76,0,1,29.120776,Low
1389,1,41082.19,0,1,29.108219,Low
4982,1,40687.39,0,1,29.068739,Low
3527,1,40260.46,0,1,29.026046,Low
4245,1,40138.6,0,1,29.01386,Low
1823,1,40058.74,0,1,29.005874,Low
3840,1,40052.9,0,1,29.005290000000002,Low
2896,1,39972.04,0,1,28.997204,Low
2780,1,39294.02,0,1,28.929402,Low
1534,1,39291.56,0,1,28.929156,Low
3783,1,39271.28,0,1,28.927128,Low
4323,1,39078.92,0,1,28.907892,Low
3780,1,39075.63,0,1,28.907563,Low
3248,2,39000.04,0,1,28.900004,Low
1125,1,38932.62,0,1,28.893262,Low
2906,1,38869.78,0,1,28.886978,Low
2663,1,38752.47,0,1,28.875247,Low
4766,1,38552.77,0,1,28.855277,Low
1943,1,38468.51,0,1,28.846851,Low
4737,1,38435.85,0,1,28.843585,Low
2438,1,38283.76,0,1,28.828376,Low
3106,1,38280.27,0,1,28.828027,Low
3046,1,37692.49,0,1,28.769249,Low
3944,1,37530.53,0,1,28.753053,Low
4656,1,37513.26,0,1,28.751326,Low
4461,1,37335.52,0,1,28.733552,Low
4470,1,37224.08,0,1,28.722408,Low
1500,1,37055.95,0,1,28.705595,Low
3261,1,36944.42,0,1,28.694442,Low
1846,1,36769.05,0,1,28.676905,Low
4905,1,36550.76,0,1,28.655076,Low
4229,1,36537.66,0,1,28.653766,Low
3915,1,36454.49,0,1,28.645449,Low
1360,1,36186.73,0,1,28.618673,Low
1323,1,36112.75,0,1,28.611275,Low
3371,1,35902.82,0,1,28.590282,Low
1498,1,35879.73,0,1,28.587973,Low
3030,1,35787.48,0,1,28.578748,Low
4709,1,35766.29,0,1,28.576629,Low
4239,1,35668.68,0,1,28.566868,Low
1131,1,35591.55,0,1,28.559155,Low
3541,1,35383.61,0,1,28.538361000000002,Low
3648,1,35241.52,0,1,28.524152,Low
3848,1,35081.05,0,1,28.508105,Low
1109,1,35056.03,0,1,28.505603,Low
2390,1,34766.26,0,1,28.476626,Low
4572,1,34592.27,0,1,28.459227,Low
4282,1,34576.24,0,1,28.457624,Low
1802,1,34470.21,0,1,28.447021,Low
3776,1,34433.68,0,1,28.443368,Low
3613,1,34078.57,0,1,28.407857,Low
3113,1,33987.98,0,1,28.398798,Low
2647,1,33973.53,0,1,28.397353,Low
3318,1,33916.21,0,1,28.391621,Low
4717,1,33457.48,0,1,28.345748,Low
2066,1,33428.46,0,1,28.342846,Low
3007,1,33135.84,0,1,28.313584,Low
3078,1,33039.46,0,1,28.303946,Low
2205,1,32903.89,0,1,28.290389,Low
2704,1,32860.37,0,1,28.286037,Low
4219,1,32681.02,0,1,28.268102,Low
4259,1,32289.85,0,1,28.228985,Low
1188,1,32048.53,0,1,28.204853,Low
3393,1,31682.11,0,1,28.168211,Low
3417,1,31072.18,0,1,28.107218,Low
2008,1,30997.17,0,1,28.099717,Low
3418,1,30872.85,0,1,28.087285,Low
4124,1,30550.69,0,1,28.055069,Low
3270,2,56833.770000000004,0,0,5.683377,Low
4348,2,53709.22,0,0,5.370922,Low
1938,2,52487.82,0,0,5.248782,Low
4700,2,51851.47,0,0,5.185147,Low
1522,2,49139.33,0,0,4.913933,Low
4476,2,46277.990000000005,0,0,4.627799,Low
1805,2,45967.91,0,0,4.5967910000000005,Low
4195,2,45401.67,0,0,4.540166999999999,Low
2660,2,41194.729999999996,0,0,4.119472999999999,Low
1639,2,41157.54,0,0,4.115754,Low
1542,2,38651.94,0,0,3.8651940000000002,Low
4674,2,37424.8,0,0,3.7424800000000005,Low
2664,3,37327.5,0,0,3.73275,Low
4796,2,32455.68,0,0,3.245568,Low
1670,1,29922.89,0,0,2.992289,Low
4007,1,29915.6,0,0,2.9915599999999998,Low
4570,1,29898.96,0,0,2.989896,Low
2638,1,29599.08,0,0,2.959908,Low
4623,1,29523.37,0,0,2.952337,Low
2026,1,29390.68,0,0,2.9390680000000002,Low
2043,1,29350.72,0,0,2.935072,Low
2777,1,29218.84,0,0,2.921884,Low
3301,1,29072.33,0,0,2.907233,Low
2415,1,29051.88,0,0,2.905188,Low
3006,1,28951.19,0,0,2.8951189999999998,Low
4159,1,28913.44,0,0,2.8913439999999997,Low
2968,1,28787.36,0,0,2.878736,Low
3701,1,28746.73,0,0,2.874673,Low
1456,1,28721.56,0,0,2.872156,Low
4631,1,28650.79,0,0,2.865079,Low
3156,1,28631.98,0,0,2.863198,Low
3618,1,28459.33,0,0,2.845933,Low
2391,1,28389.41,0,0,2.838941,Low
1156,1,28267.4,0,0,2.82674,Low
3843,1,28175.29,0,0,2.817529,Low
2112,1,27615.25,0,0,2.761525,Low
4820,1,27446.55,0,0,2.744655,Low
1866,1,27440.28,0,0,2.7440279999999997,Low
3167,1,27268.59,0,0,2.726859,Low
3154,1,26963.21,0,0,2.6963209999999997,Low
1347,1,26941.47,0,0,2.694147,Low
2076,1,26931.11,0,0,2.693111,Low
3856,2,26745.94,0,0,2.674594,Low
2703,1,26724.45,0,0,2.672445,Low
2092,1,26616.99,0,0,2.661699,Low
4585,1,26490.76,0,0,2.649076,Low
2176,1,26475.73,0,0,2.647573,Low
4886,1,26461.32,0,0,2.646132,Low
4590,1,26445.43,0,0,2.644543,Low
1437,1,26436.27,0,0,2.643627,Low
3421,1,26382.1,0,0,2.63821,Low
3512,1,26359.12,0,0,2.635912,Low
2956,1,26357.07,0,0,2.635707,Low
2120,1,26283.1,0,0,2.62831,Low
1922,1,26270.69,0,0,2.6270689999999997,Low
1217,1,26228.92,0,0,2.622892,Low
4977,1,26058.66,0,0,2.605866,Low
3981,1,26014.55,0,0,2.601455,Low
4759,1,25905.51,0,0,2.590551,Low
2853,1,25877.01,0,0,2.587701,Low
2871,1,25802.56,0,0,2.5802560000000003,Low
1420,1,25654.92,0,0,2.565492,Low
3939,1,25553.96,0,0,2.555396,Low
1426,1,25283.22,0,0,2.528322,Low
4509,2,25269.24,0,0,2.526924,Low
4344,1,25170.57,0,0,2.517057,Low
4207,1,25040.07,0,0,2.504007,Low
3209,1,24993.96,0,0,2.499396,Low
2738,1,24766.54,0,0,2.476654,Low
1077,1,24691.83,0,0,2.469183,Low
1484,1,24654.3,0,0,2.46543,Low
1408,1,24502.86,0,0,2.450286,Low
2817,1,24436.0,0,0,2.4436,Low
2342,1,24435.01,0,0,2.443501,Low
1482,1,24394.34,0,0,2.439434,Low
2201,1,24359.13,0,0,2.435913,Low
1884,1,24350.89,0,0,2.435089,Low
1741,1,24189.23,0,0,2.418923,Low
2736,1,24109.34,0,0,2.410934,Low
4681,1,24090.86,0,0,2.409086,Low
3362,1,24023.77,0,0,2.402377,Low
2118,1,23831.47,0,0,2.383147,Low
4179,1,23740.53,0,0,2.374053,Low
3119,1,23529.27,0,0,2.352927,Low
3589,2,23501.730000000003,0,0,2.3501730000000003,Low
4805,1,23395.73,0,0,2.339573,Low
2079,1,23351.3,0,0,2.33513,Low
2482,1,23323.99,0,0,2.332399,Low
3146,1,23186.86,0,0,2.318686,Low
4676,1,23144.97,0,0,2.3144970000000002,Low
3402,1,22872.97,0,0,2.287297,Low
2023,1,22648.44,0,0,2.264844,Low
1388,1,22625.44,0,0,2.2625439999999997,Low
1476,1,22601.98,0,0,2.260198,Low
3680,1,22589.98,0,0,2.258998,Low
1053,1,22534.03,0,0,2.253403,Low
1101,1,22465.51,0,0,2.2465509999999997,Low
2573,1,22432.65,0,0,2.243265,Low
2601,1,22381.44,0,0,2.2381439999999997,Low
4945,1,22347.5,0,0,2.23475,Low
1852,1,22265.43,0,0,2.226543,Low
1394,1,22261.93,0,0,2.226193,Low
1944,1,22212.98,0,0,2.221298,Low
4242,1,22120.21,0,0,2.212021,Low
4911,1,22036.89,0,0,2.203689,Low
3587,1,21961.59,0,0,2.196159,Low
2910,1,21927.82,0,0,2.192782,Low
3960,1,21884.46,0,0,2.188446,Low
4031,1,21824.94,0,0,2.1824939999999997,Low
1601,1,21778.4,0,0,2.17784,Low
1682,1,21533.22,0,0,2.153322,Low
4070,1,21502.27,0,0,2.150227,Low
2440,1,21461.76,0,0,2.1461759999999996,Low
4004,1,21459.58,0,0,2.1459580000000003,Low
1858,1,21405.32,0,0,2.140532,Low
2743,1,21360.7,0,0,2.13607,Low
4401,1,21184.58,0,0,2.1184580000000004,Low
2914,1,21174.24,0,0,2.117424,Low
4345,1,21017.97,0,0,2.101797,Low
3609,1,20852.5,0,0,2.08525,Low
4373,1,20718.17,0,0,2.071817,Low
3659,1,20717.83,0,0,2.0717830000000004,Low
4953,1,20693.37,0,0,2.069337,Low
1845,1,20619.99,0,0,2.061999,Low
2851,1,20610.23,0,0,2.061023,Low
1942,1,20600.0,0,0,2.06,Low
3990,1,20563.45,0,0,2.056345,Low
2807,1,20553.34,0,0,2.055334,Low
2417,1,20517.62,0,0,2.051762,Low
4034,1,20472.81,0,0,2.0472810000000004,Low
3049,1,20342.09,0,0,2.034209,Low
3929,1,20188.78,0,0,2.018878,Low
3288,1,20184.23,0,0,2.018423,Low
2133,1,19991.54,0,0,1.999154,Low
1819,1,19929.88,0,0,1.9929880000000002,Low
3779,1,19905.22,0,0,1.9905220000000001,Low
2710,1,19879.95,0,0,1.9879950000000002,Low
3732,1,19480.82,0,0,1.9480819999999999,Low
2769,1,19427.45,0,0,1.9427450000000002,Low
3419,1,19414.91,0,0,1.941491,Low
3742,1,19293.91,0,0,1.929391,Low
4786,1,19241.41,0,0,1.9241409999999999,Low
3262,1,19205.73,0,0,1.9205729999999999,Low
4559,1,19155.08,0,0,1.9155080000000002,Low
4839,1,19086.92,0,0,1.9086919999999998,Low
2824,1,19032.59,0,0,1.903259,Low
1400,1,18972.04,0,0,1.8972040000000001,Low
2728,1,18944.05,0,0,1.894405,Low
3131,1,18838.26,0,0,1.8838259999999998,Low
1596,1,18718.08,0,0,1.8718080000000001,Low
3394,1,18638.39,0,0,1.863839,Low
4937,1,18552.78,0,0,1.855278,Low
3793,1,18533.53,0,0,1.8533529999999998,Low
2464,1,18508.05,0,0,1.850805,Low
2610,1,18496.64,0,0,1.849664,Low
3160,1,18487.5,0,0,1.84875,Low
4691,1,18431.64,0,0,1.843164,Low
3761,1,18406.99,0,0,1.840699,Low
4386,1,18125.82,0,0,1.812582,Low
3699,1,18025.9,0,0,1.8025900000000001,Low
1345,2,17978.77,0,0,1.797877,Low
3631,1,17927.85,0,0,1.7927849999999999,Low
2229,2,17871.93,0,0,1.787193,Low
2616,1,17786.94,0,0,1.7786939999999998,Low
4827,1,17781.04,0,0,1.7781040000000001,Low
1002,1,17765.27,0,0,1.776527,Low
4719,1,17737.25,0,0,1.773725,Low
4508,1,17700.2,0,0,1.7700200000000001,Low
1403,1,17640.05,0,0,1.7640049999999998,Low
2782,1,17352.4,0,0,1.7352400000000001,Low
1123,1,17339.73,0,0,1.733973,Low
3400,1,17274.31,0,0,1.7274310000000002,Low
1134,1,17264.51,0,0,1.7264509999999997,Low
1084,1,17234.35,0,0,1.7234349999999998,Low
4343,1,17071.24,0,0,1.707124,Low
4160,1,17030.96,0,0,1.703096,Low
3022,1,16840.72,0,0,1.684072,Low
1631,1,16822.14,0,0,1.6822139999999999,Low
3344,1,16699.01,0,0,1.6699009999999999,Low
2044,1,16530.76,0,0,1.6530759999999998,Low
1237,1,16452.05,0,0,1.645205,Low
2908,1,16400.36,0,0,1.640036,Low
2641,1,16346.35,0,0,1.634635,Low
4577,1,16296.79,0,0,1.629679,Low
3581,1,16273.64,0,0,1.627364,Low
2335,1,16131.88,0,0,1.6131879999999998,Low
4424,1,16078.82,0,0,1.607882,Low
4940,1,16049.79,0,0,1.6049790000000002,Low
2144,1,15967.41,0,0,1.596741,Low
1313,1,15849.49,0,0,1.584949,Low
2017,1,15805.1,0,0,1.58051,Low
3415,1,15801.8,0,0,1.58018,Low
4851,1,15583.73,0,0,1.558373,Low
1656,1,15385.25,0,0,1.538525,Low
1873,1,15363.24,0,0,1.536324,Low
3746,1,15337.29,0,0,1.5337290000000001,Low
4777,1,15248.2,0,0,1.52482,Low
1864,1,15233.86,0,0,1.5233860000000001,Low
2899,1,15123.45,0,0,1.512345,Low
3802,1,15095.12,0,0,1.5095120000000002,Low
2421,1,14992.55,0,0,1.499255,Low
2447,1,14991.38,0,0,1.4991379999999999,Low
1417,1,14972.07,0,0,1.497207,Low
2172,1,14631.64,0,0,1.463164,Low
2095,1,14619.83,0,0,1.461983,Low
2448,1,14406.02,0,0,1.440602,Low
1861,1,14309.15,0,0,1.430915,Low
3921,1,14279.07,0,0,1.427907,Low
2913,1,14127.85,0,0,1.412785,Low
4151,1,13878.84,0,0,1.3878840000000001,Low
2224,1,13812.29,0,0,1.381229,Low
1382,2,13775.66,0,0,1.377566,Low
2085,1,13667.74,0,0,1.366774,Low
1814,1,13521.7,0,0,1.35217,Low
3366,1,13103.29,0,0,1.310329,Low
1133,1,13049.42,0,0,1.304942,Low
2529,2,12873.08,0,0,1.287308,Low
4760,1,12833.38,0,0,1.2833379999999999,Low
2684,1,12796.94,0,0,1.279694,Low
1000,1,12773.87,0,0,1.277387,Low
2407,1,12764.64,0,0,1.276464,Low
4342,1,12720.59,0,0,1.272059,Low
1143,1,12632.43,0,0,1.2632430000000001,Low
3992,1,12522.95,0,0,1.2522950000000002,Low
1103,1,12405.4,0,0,1.24054,Low
1193,1,12388.23,0,0,1.238823,Low
4531,1,12151.32,0,0,1.2151319999999999,Low
2750,1,12110.93,0,0,1.211093,Low
2331,1,11978.6,0,0,1.1978600000000001,Low
2134,1,11742.04,0,0,1.174204,Low
1675,1,11612.06,0,0,1.161206,Low
4801,1,11558.72,0,0,1.155872,Low
4973,1,11507.2,0,0,1.15072,Low
3913,1,11455.34,0,0,1.145534,Low
3189,1,11442.52,0,0,1.144252,Low
3705,1,11210.68,0,0,1.121068,Low
2939,1,11084.48,0,0,1.1084479999999999,Low
4002,1,11082.89,0,0,1.1082889999999999,Low
1051,1,11058.25,0,0,1.105825,Low
1010,1,11056.57,0,0,1.105657,Low
3434,1,10885.65,0,0,1.088565,Low
4913,1,10705.7,0,0,1.07057,Low
3359,1,10624.62,0,0,1.062462,Low
2619,1,10537.51,0,0,1.053751,Low
3569,1,10525.84,0,0,1.052584,Low
4073,1,10470.56,0,0,1.047056,Low
3572,1,10457.48,0,0,1.045748,Low
4739,1,10329.88,0,0,1.032988,Low
3387,1,10261.01,0,0,1.026101,Low
4816,1,10169.17,0,0,1.016917,Low
1290,1,9925.26,0,0,0.992526,Low
1158,1,9870.53,0,0,0.9870530000000001,Low
4832,1,9826.74,0,0,0.9826739999999999,Low
1929,1,9682.3,0,0,0.9682299999999999,Low
4778,1,9464.93,0,0,0.946493,Low
3655,1,9080.25,0,0,0.908025,Low
1081,1,9079.75,0,0,0.907975,Low
3723,1,9052.12,0,0,0.9052120000000001,Low
4163,1,8988.39,0,0,0.8988389999999999,Low
4710,1,8945.62,0,0,0.8945620000000001,Low
2290,1,8790.03,0,0,0.8790030000000001,Low
2722,1,8745.43,0,0,0.8745430000000001,Low
2339,1,8579.18,0,0,0.8579180000000001,Low
4765,1,8568.89,0,0,0.8568889999999999,Low
4537,1,8467.26,0,0,0.846726,Low
2540,1,8452.93,0,0,0.8452930000000001,Low
3122,1,8384.47,0,0,0.8384469999999999,Low
2338,1,8260.97,0,0,0.826097,Low
1842,1,8003.97,0,0,0.800397,Low
1600,1,7898.51,0,0,0.789851,Low
4375,1,7896.98,0,0,0.789698,Low
4854,1,7823.66,0,0,0.782366,Low
1386,1,7724.47,0,0,0.772447,Low
4121,1,7392.69,0,0,0.739269,Low
2271,1,7288.7,0,0,0.72887,Low
4300,1,7241.31,0,0,0.7241310000000001,Low
4661,1,7055.07,0,0,0.705507,Low
1906,1,7051.89,0,0,0.7051890000000001,Low
3272,1,7017.88,0,0,0.701788,Low
2643,1,6946.4,0,0,0.6946399999999999,Low
4893,1,6943.62,0,0,0.694362,Low
1423,1,6845.79,0,0,0.684579,Low
1338,1,6825.2,0,0,0.68252,Low
3181,1,6821.24,0,0,0.682124,Low
2741,1,6815.35,0,0,0.681535,Low
1244,1,6713.26,0,0,0.671326,Low
1428,1,6536.65,0,0,0.6536649999999999,Low
2397,1,6439.0,0,0,0.6439,Low
2957,1,6355.6,0,0,0.63556,Low
3035,1,6099.98,0,0,0.6099979999999999,Low
3767,1,6088.77,0,0,0.608877,Low
1043,1,6025.2,0,0,0.60252,Low
4855,1,5850.0,0,0,0.585,Low
2067,1,5822.34,0,0,0.582234,Low
2850,1,5820.08,0,0,0.582008,Low
1708,1,5808.42,0,0,0.580842,Low
4504,1,5765.41,0,0,0.576541,Low
2813,1,5763.37,0,0,0.576337,Low
1734,1,5738.8,0,0,0.5738800000000001,Low
1025,1,5663.21,0,0,0.566321,Low
3233,1,5608.38,0,0,0.5608380000000001,Low
4093,1,5584.76,0,0,0.558476,Low
2442,1,5398.59,0,0,0.539859,Low
1973,1,5334.78,0,0,0.533478,Low
4495,1,5304.57,0,0,0.530457,Low
4800,1,5067.58,0,0,0.506758,Low
1879,1,4970.77,0,0,0.49707700000000005,Low
2441,1,4883.88,0,0,0.488388,Low
3478,1,4880.6,0,0,0.48806000000000005,Low
2803,1,4780.09,0,0,0.478009,Low
4788,1,4737.87,0,0,0.473787,Low
4053,1,4551.09,0,0,0.45510900000000004,Low
4381,1,4453.19,0,0,0.44531899999999996,Low
3667,1,4409.98,0,0,0.44099799999999995,Low
4099,1,4362.44,0,0,0.43624399999999997,Low
1572,1,4345.93,0,0,0.434593,Low
1744,1,4340.8,0,0,0.43408,Low
1713,1,4252.45,0,0,0.425245,Low
1535,1,4250.84,0,0,0.425084,Low
2101,1,4236.47,0,0,0.42364700000000005,Low
4071,1,4228.31,0,0,0.422831,Low
3392,1,4226.73,0,0,0.42267299999999997,Low
2559,1,4192.21,0,0,0.419221,Low
2168,1,4169.26,0,0,0.416926,Low
2154,1,4129.71,0,0,0.412971,Low
2470,1,3703.11,0,0,0.370311,Low
4129,1,3644.37,0,0,0.364437,Low
3825,1,3579.78,0,0,0.357978,Low
2655,1,3503.67,0,0,0.350367,Low
3813,1,3475.08,0,0,0.347508,Low
4564,1,3243.79,0,0,0.324379,Low
1516,1,3227.7,0,0,0.32277,Low
2380,1,3189.12,0,0,0.318912,Low
1688,1,3108.97,0,0,0.310897,Low
2269,1,3047.74,0,0,0.304774,Low
3946,1,2929.97,0,0,0.292997,Low
2216,1,2882.52,0,0,0.288252,Low
4784,1,2849.13,0,0,0.284913,Low
3868,1,2821.22,0,0,0.282122,Low
3695,1,2768.21,0,0,0.276821,Low
1253,1,2709.06,0,0,0.270906,Low
4425,1,2689.68,0,0,0.268968,Low
3892,1,2684.29,0,0,0.268429,Low
3549,1,2473.83,0,0,0.247383,Low
2404,1,2307.73,0,0,0.230773,Low
4729,1,2248.63,0,0,0.224863,Low
1604,1,2167.45,0,0,0.216745,Low
4662,1,1827.51,0,0,0.182751,Low
1351,1,1788.22,0,0,0.178822,Low
2187,1,1508.94,0,0,0.150894,Low
1984,1,1418.7,0,0,0.14187,Low
1238,1,1191.21,0,0,0.119121,Low
3069,1,1177.44,0,0,0.117744,Low
4298,1,1051.2,0,0,0.10512,Low
2918,1,1011.54,0,0,0.101154,Low
3158,1,1006.94,0,0,0.100694,Low
