claim_id,customer_id,ssn,policy_type,claim_amount,claim_status,incident_type,state,adjuster_id,fraud_flag,claim_date
1,2556,580-50-5079,Life,22511.47,Pending,Fire,IL,196,1,2026-05-25 11:11:10.698686
2,4583,515-21-5063,Auto,41207.31,Pending,Theft,OR,202,0,2026-05-25 11:11:10.698747
3,1163,703-11-1445,Home,8992.72,Pending,Theft,AZ,127,1,2026-05-25 11:11:10.698783
4,2288,589-91-8214,Life,47224.08,Denied,Accident,NY,159,0,2026-05-25 11:11:10.698811
5,1951,311-06-3988,Life,22516.42,Denied,Accident,IL,279,0,2026-05-25 11:11:10.698839
6,1900,601-85-4347,Life,22614.18,Approved,Theft,AS,174,0,2026-05-25 11:11:10.698867
7,4666,096-73-0872,Home,26221.13,Denied,Accident,HI,149,0,2026-05-25 11:11:10.698892
8,2852,112-44-8156,Home,13115.64,Pending,Accident,GU,197,0,2026-05-25 11:11:10.698916
9,3527,270-66-0334,Auto,21292.14,Denied,Theft,VI,287,0,2026-05-25 11:11:10.698941
10,2193,832-08-9927,Home,5491.53,Approved,Theft,MP,262,0,2026-05-25 11:11:10.698964
11,2662,208-65-2009,Auto,22908.27,Pending,Theft,AL,190,1,2026-05-25 11:11:10.698988
12,3959,887-80-7099,Home,15008.83,Approved,Flood,MP,224,1,2026-05-25 11:11:10.699013
13,2791,044-75-4526,Auto,16307.1,Denied,Accident,PW,151,1,2026-05-25 11:11:10.699042
14,3834,248-02-0338,Auto,10866.53,Approved,Theft,MN,199,0,2026-05-25 11:11:10.699065
15,1035,346-81-7702,Life,43084.07,Denied,Accident,AZ,266,0,2026-05-25 11:11:10.699089
16,4893,653-66-1216,Life,38869.47,Denied,Flood,FM,114,0,2026-05-25 11:11:10.699112
17,1413,398-16-5017,Home,32045.18,Pending,Flood,NH,265,0,2026-05-25 11:11:10.699135
18,3164,357-47-3065,Life,35079.1,Approved,Flood,ID,191,0,2026-05-25 11:11:10.699158
19,4664,852-40-2709,Home,7529.17,Denied,Fire,MS,264,1,2026-05-25 11:11:10.699180
20,3824,783-13-0722,Auto,5754.09,Approved,Accident,DC,262,0,2026-05-25 11:11:10.699201
21,3135,402-57-3133,Life,18751.89,Denied,Accident,WA,288,0,2026-05-25 11:11:10.699224
22,2481,729-10-7187,Home,18000.65,Pending,Fire,MI,189,0,2026-05-25 11:11:10.699246
23,2602,537-76-8690,Auto,18309.4,Denied,Accident,TN,187,0,2026-05-25 11:11:10.699273
24,2058,296-59-5929,Auto,16959.03,Denied,Accident,MP,164,0,2026-05-25 11:11:10.699296
25,3892,167-84-3476,Home,35960.56,Approved,Fire,MA,142,0,2026-05-25 11:11:10.699317
26,3454,787-07-9720,Home,40578.7,Approved,Fire,OH,182,0,2026-05-25 11:11:10.699341
27,2860,424-77-5402,Auto,13322.05,Approved,Fire,NH,250,0,2026-05-25 11:11:10.699366
28,3978,790-84-2563,Home,3664.42,Approved,Accident,MT,274,0,2026-05-25 11:11:10.699388
29,2914,794-03-7401,Life,20485.44,Approved,Fire,WY,259,1,2026-05-25 11:11:10.699411
30,3446,264-29-1470,Life,14219.66,Pending,Fire,OK,125,0,2026-05-25 11:11:10.699432
31,3389,731-94-8104,Home,36697.83,Pending,Flood,TN,259,0,2026-05-25 11:11:10.699458
32,4525,456-31-7171,Life,44414.0,Denied,Fire,ID,122,1,2026-05-25 11:11:10.699481
33,3811,352-98-0548,Life,1149.3,Approved,Flood,AZ,116,0,2026-05-25 11:11:10.699507
34,1299,326-10-3560,Auto,6944.76,Pending,Flood,PW,145,0,2026-05-25 11:11:10.699530
35,2788,093-62-2088,Home,22167.94,Denied,Theft,AL,184,0,2026-05-25 11:11:10.699556
36,4330,680-28-5552,Auto,20856.84,Denied,Accident,AL,126,0,2026-05-25 11:11:10.699591
37,4975,484-97-3791,Life,30203.19,Pending,Theft,WV,209,0,2026-05-25 11:11:10.699615
38,1508,253-27-5956,Home,42580.44,Denied,Fire,AK,146,0,2026-05-25 11:11:10.699637
39,3422,732-52-6914,Auto,19976.06,Denied,Fire,IA,148,0,2026-05-25 11:11:10.699658
40,1281,182-22-1938,Auto,11691.08,Pending,Accident,OR,163,1,2026-05-25 11:11:10.699679
41,1052,287-22-7552,Home,46541.36,Denied,Accident,AR,168,1,2026-05-25 11:11:10.699700
42,2487,530-67-5767,Home,7081.25,Approved,Theft,AL,177,0,2026-05-25 11:11:10.699723
43,2536,552-52-2294,Life,36999.76,Approved,Flood,OH,105,0,2026-05-25 11:11:10.699749
44,2613,342-68-5036,Life,4572.57,Pending,Flood,WA,227,0,2026-05-25 11:11:10.699771
45,3432,468-66-5214,Home,28286.56,Approved,Fire,NM,238,1,2026-05-25 11:11:10.699793
46,4343,111-85-5205,Life,7309.09,Approved,Flood,DE,183,0,2026-05-25 11:11:10.699815
47,2136,175-17-0437,Auto,25507.11,Denied,Accident,KY,257,0,2026-05-25 11:11:10.699837
48,2681,248-93-9161,Home,20918.52,Pending,Flood,LA,277,0,2026-05-25 11:11:10.699858
49,1591,874-23-5995,Life,42699.93,Denied,Fire,NM,186,1,2026-05-25 11:11:10.699879
50,1705,575-20-5806,Home,21557.23,Approved,Fire,FM,276,0,2026-05-25 11:11:10.699900
51,4819,105-87-8926,Auto,42944.15,Denied,Accident,MH,281,0,2026-05-25 11:11:10.699921
52,2689,245-08-1663,Life,19762.48,Pending,Accident,AZ,176,0,2026-05-25 11:11:10.699943
53,4584,063-50-7808,Life,28665.22,Pending,Accident,OH,257,1,2026-05-25 11:11:10.699969
54,4157,226-95-3074,Home,46646.5,Denied,Fire,RI,271,0,2026-05-25 11:11:10.699993
55,2529,866-54-6375,Auto,12913.88,Denied,Fire,OH,118,0,2026-05-25 11:11:10.700015
56,3775,793-73-5332,Home,40237.79,Approved,Accident,PW,182,0,2026-05-25 11:11:10.700037
57,4785,714-55-1339,Home,49182.22,Pending,Accident,AL,295,0,2026-05-25 11:11:10.700059
58,2608,349-11-1207,Auto,49367.27,Denied,Theft,SC,256,0,2026-05-25 11:11:10.700083
59,3311,461-55-4040,Home,18252.51,Denied,Fire,FM,107,0,2026-05-25 11:11:10.700105
60,3503,062-16-7079,Home,14611.33,Denied,Accident,NE,155,0,2026-05-25 11:11:10.700130
61,1256,154-18-5111,Home,48850.71,Approved,Accident,UT,202,0,2026-05-25 11:11:10.700153
62,3719,670-17-4851,Home,22818.83,Denied,Flood,NE,273,1,2026-05-25 11:11:10.700179
63,1587,042-65-7878,Home,29718.55,Pending,Accident,WI,202,0,2026-05-25 11:11:10.700207
64,1975,646-60-2556,Life,26055.61,Approved,Theft,RI,100,0,2026-05-25 11:11:10.700229
65,4555,748-09-0715,Life,26144.56,Approved,Accident,SC,295,1,2026-05-25 11:11:10.700251
66,3854,094-12-5963,Home,47526.58,Pending,Theft,AR,183,0,2026-05-25 11:11:10.700274
67,2640,848-03-5238,Life,30800.36,Approved,Fire,WY,244,0,2026-05-25 11:11:10.700297
68,2511,487-49-1101,Auto,13361.26,Denied,Flood,NM,282,0,2026-05-25 11:11:10.700318
69,3591,621-87-9507,Life,4177.29,Denied,Theft,AK,222,1,2026-05-25 11:11:10.700340
70,3047,473-58-4347,Life,8865.74,Denied,Fire,NE,104,1,2026-05-25 11:11:10.700361
71,4662,063-91-6155,Auto,41735.43,Approved,Accident,SD,221,0,2026-05-25 11:11:10.700382
72,4539,824-11-4509,Auto,26463.93,Approved,Theft,WA,211,0,2026-05-25 11:11:10.700404
73,3418,208-11-8010,Auto,42891.97,Approved,Flood,TN,163,1,2026-05-25 11:11:10.700430
74,1752,432-16-8127,Auto,11560.11,Denied,Fire,IN,114,0,2026-05-25 11:11:10.700451
75,1918,757-50-4622,Home,31966.52,Pending,Flood,WY,263,1,2026-05-25 11:11:10.700473
76,4779,455-48-3157,Home,11918.15,Denied,Theft,RI,151,0,2026-05-25 11:11:10.700494
77,4681,884-37-4419,Life,30157.77,Pending,Theft,TN,175,0,2026-05-25 11:11:10.700516
78,2500,596-86-2882,Life,32019.48,Pending,Accident,IN,173,0,2026-05-25 11:11:10.700540
79,1740,163-61-3251,Home,47274.51,Approved,Theft,KS,291,0,2026-05-25 11:11:10.700561
80,1445,449-10-6234,Life,38144.67,Denied,Accident,KY,281,0,2026-05-25 11:11:10.700582
81,2544,081-26-2537,Home,16354.33,Denied,Flood,NY,124,1,2026-05-25 11:11:10.700604
82,4380,809-26-8297,Home,14492.34,Denied,Theft,NE,221,0,2026-05-25 11:11:10.700625
83,4275,256-26-1104,Auto,9924.01,Denied,Fire,AS,105,0,2026-05-25 11:11:10.700652
84,2907,544-46-2214,Home,43233.62,Denied,Accident,OH,171,1,2026-05-25 11:11:10.700674
85,2351,442-32-8251,Life,16200.24,Denied,Theft,HI,294,1,2026-05-25 11:11:10.700695
86,3295,672-15-9208,Home,40302.82,Approved,Flood,TN,158,0,2026-05-25 11:11:10.700716
87,4769,346-91-7871,Home,40457.55,Pending,Fire,HI,276,0,2026-05-25 11:11:10.700737
88,1594,827-15-1908,Home,30799.59,Approved,Flood,AL,291,0,2026-05-25 11:11:10.700758
89,2119,834-61-2524,Home,8899.82,Denied,Accident,NH,232,0,2026-05-25 11:11:10.700780
90,2033,848-43-3440,Home,47506.7,Approved,Flood,WA,193,0,2026-05-25 11:11:10.700801
91,3146,762-71-3302,Life,28552.65,Approved,Flood,NC,285,1,2026-05-25 11:11:10.700827
92,4262,401-26-9984,Home,23795.11,Pending,Theft,NC,250,0,2026-05-25 11:11:10.700849
93,4332,272-04-3960,Home,20825.85,Approved,Flood,NJ,247,0,2026-05-25 11:11:10.700876
94,2548,001-48-5056,Life,35185.71,Denied,Accident,NY,171,0,2026-05-25 11:11:10.700906
95,1532,220-30-1221,Life,33012.36,Approved,Fire,CO,209,0,2026-05-25 11:11:10.700928
96,3517,315-31-2910,Home,8315.47,Approved,Fire,IN,114,0,2026-05-25 11:11:10.700954
97,2960,656-53-7447,Auto,37518.79,Pending,Accident,AS,281,0,2026-05-25 11:11:10.700977
98,3662,888-93-0320,Life,33610.66,Pending,Theft,LA,219,0,2026-05-25 11:11:10.700998
99,2268,224-78-1860,Life,41318.97,Denied,Accident,WA,181,0,2026-05-25 11:11:10.701021
100,2463,350-83-1573,Life,23888.75,Pending,Fire,AL,164,1,2026-05-25 11:11:10.701042
101,1782,733-06-8374,Home,6788.12,Denied,Theft,IL,158,0,2026-05-25 11:11:10.701064
102,3262,052-38-6872,Home,7829.36,Denied,Theft,PW,222,0,2026-05-25 11:11:10.701085
103,1180,432-75-7701,Auto,33735.52,Approved,Theft,UT,267,1,2026-05-25 11:11:10.701112
104,4606,311-05-4606,Home,37399.04,Pending,Flood,MN,142,0,2026-05-25 11:11:10.701133
105,2664,211-19-8784,Home,27754.84,Pending,Fire,RI,258,0,2026-05-25 11:11:10.701155
106,3074,844-87-7373,Life,28306.42,Pending,Flood,MT,243,0,2026-05-25 11:11:10.701176
107,4288,533-56-5437,Auto,45598.23,Denied,Theft,NH,262,0,2026-05-25 11:11:10.701198
108,2676,876-72-7904,Auto,13802.92,Pending,Flood,FM,281,0,2026-05-25 11:11:10.701219
109,2451,659-15-8844,Home,37423.42,Approved,Accident,DE,279,0,2026-05-25 11:11:10.701240
110,1537,678-77-7500,Auto,13869.33,Pending,Fire,AK,256,0,2026-05-25 11:11:10.701264
111,2529,792-12-5533,Home,5643.96,Denied,Flood,AK,102,1,2026-05-25 11:11:10.701286
112,2484,268-01-6323,Auto,36829.2,Approved,Fire,CO,219,0,2026-05-25 11:11:10.701308
113,1395,718-75-6895,Auto,20871.67,Pending,Flood,FL,214,1,2026-05-25 11:11:10.701334
114,1636,715-96-2211,Life,9668.81,Approved,Flood,WY,147,1,2026-05-25 11:11:10.701356
115,1567,630-05-5854,Auto,27143.43,Denied,Fire,WY,109,0,2026-05-25 11:11:10.701377
116,2021,792-32-2355,Life,49375.08,Denied,Fire,FM,158,0,2026-05-25 11:11:10.701400
117,3283,365-65-6529,Auto,41615.85,Denied,Theft,RI,131,1,2026-05-25 11:11:10.701421
118,4176,852-10-2937,Auto,4635.28,Pending,Accident,WY,287,1,2026-05-25 11:11:10.701442
119,1946,701-48-2232,Auto,7894.38,Pending,Flood,SC,108,0,2026-05-25 11:11:10.701464
120,4210,747-58-2507,Home,46555.0,Pending,Accident,WV,300,1,2026-05-25 11:11:10.701485
121,4713,494-13-9053,Auto,45311.0,Denied,Flood,OK,209,0,2026-05-25 11:11:10.701511
122,3976,156-58-5423,Auto,39094.16,Pending,Accident,VI,119,1,2026-05-25 11:11:10.701533
123,1390,651-99-4413,Life,5607.95,Pending,Fire,MD,179,0,2026-05-25 11:11:10.701560
124,4653,384-06-7340,Life,47407.61,Denied,Theft,GU,242,0,2026-05-25 11:11:10.701582
125,2443,723-03-8505,Life,2951.67,Denied,Accident,SC,222,1,2026-05-25 11:11:10.701604
126,2007,022-26-8901,Life,4035.74,Approved,Theft,MO,112,0,2026-05-25 11:11:10.701630
127,3158,448-61-1476,Life,2057.12,Pending,Theft,MI,123,0,2026-05-25 11:11:10.701652
128,1754,541-47-9424,Life,30690.68,Pending,Flood,NJ,100,0,2026-05-25 11:11:10.701673
129,4509,595-68-2856,Life,2813.34,Denied,Flood,MP,192,1,2026-05-25 11:11:10.701695
130,1276,266-11-9080,Home,47092.45,Approved,Theft,NV,113,0,2026-05-25 11:11:10.701717
131,1414,550-33-1176,Auto,15173.15,Approved,Flood,KY,250,1,2026-05-25 11:11:10.701738
132,3068,609-54-7694,Auto,1527.16,Approved,Accident,AK,215,0,2026-05-25 11:11:10.701759
133,3641,030-32-3444,Life,26607.99,Approved,Fire,KS,111,0,2026-05-25 11:11:10.701791
134,4026,255-19-2724,Home,4842.03,Denied,Fire,VI,286,0,2026-05-25 11:11:10.701813
135,3109,567-75-3082,Life,1238.23,Approved,Flood,DE,286,0,2026-05-25 11:11:10.701835
136,1322,842-01-8347,Home,36739.88,Approved,Flood,AK,191,1,2026-05-25 11:11:10.701856
137,3934,049-57-6896,Auto,44844.19,Denied,Flood,NV,127,0,2026-05-25 11:11:10.701878
138,2370,017-73-6425,Home,26751.51,Denied,Flood,KS,178,0,2026-05-25 11:11:10.701899
139,4734,335-02-8042,Auto,47443.5,Pending,Fire,MH,291,0,2026-05-25 11:11:10.701920
140,2047,454-44-0796,Home,45344.9,Denied,Flood,WV,153,0,2026-05-25 11:11:10.701942
141,2823,631-51-7695,Life,5015.67,Pending,Flood,NJ,277,0,2026-05-25 11:11:10.701963
142,2579,321-32-7573,Life,9065.05,Approved,Fire,VA,146,0,2026-05-25 11:11:10.701984
143,4376,573-24-5685,Life,1941.58,Pending,Flood,GA,220,0,2026-05-25 11:11:10.702010
144,4797,379-36-0265,Home,26874.83,Denied,Theft,UT,267,0,2026-05-25 11:11:10.702032
145,2885,377-98-2028,Life,13549.01,Approved,Fire,LA,178,0,2026-05-25 11:11:10.702053
146,4807,822-49-2287,Auto,25071.48,Pending,Theft,NC,126,0,2026-05-25 11:11:10.702074
147,2352,614-09-3126,Home,14013.33,Pending,Theft,WV,186,0,2026-05-25 11:11:10.702101
148,2670,361-68-6525,Auto,49938.51,Denied,Theft,LA,165,0,2026-05-25 11:11:10.702122
149,2997,845-62-0833,Life,41529.03,Approved,Accident,MT,109,0,2026-05-25 11:11:10.702142
150,4375,841-04-0935,Home,23119.56,Denied,Accident,ND,185,0,2026-05-25 11:11:10.702163
151,4740,053-65-3227,Life,16285.56,Pending,Theft,PR,298,0,2026-05-25 11:11:10.702193
152,2443,647-42-2712,Auto,14272.55,Pending,Theft,DE,281,0,2026-05-25 11:11:10.702215
153,1353,058-73-2453,Auto,25518.31,Denied,Fire,VA,297,0,2026-05-25 11:11:10.702242
154,2485,361-49-1142,Home,8371.23,Approved,Fire,IN,260,0,2026-05-25 11:11:10.702264
155,2985,530-71-2554,Auto,9042.82,Pending,Theft,CT,165,0,2026-05-25 11:11:10.702284
156,3631,188-96-1895,Auto,45104.58,Pending,Accident,MA,163,1,2026-05-25 11:11:10.702306
157,4860,122-42-4871,Home,2283.25,Approved,Flood,AK,170,1,2026-05-25 11:11:10.702327
158,4455,082-93-6279,Life,26473.72,Pending,Theft,MA,130,0,2026-05-25 11:11:10.702349
159,4447,698-57-7966,Home,22298.64,Denied,Accident,MP,136,0,2026-05-25 11:11:10.702375
160,1227,025-43-2682,Home,4501.05,Approved,Theft,MO,197,0,2026-05-25 11:11:10.702396
161,1378,639-46-2824,Auto,14760.92,Pending,Flood,SC,158,0,2026-05-25 11:11:10.702417
162,2582,683-77-7954,Life,19677.6,Denied,Fire,PW,195,0,2026-05-25 11:11:10.702439
163,1945,567-42-1261,Home,6935.37,Approved,Theft,AZ,194,0,2026-05-25 11:11:10.702465
164,2988,373-96-4086,Home,28669.51,Denied,Accident,WA,201,0,2026-05-25 11:11:10.702486
165,1811,155-84-2955,Home,8743.54,Denied,Flood,MN,181,0,2026-05-25 11:11:10.702508
166,4659,599-05-1159,Home,32116.94,Denied,Flood,CT,152,0,2026-05-25 11:11:10.702528
167,2626,868-71-3691,Auto,18230.96,Approved,Flood,MH,109,0,2026-05-25 11:11:10.702549
168,1718,718-53-8396,Life,19083.63,Approved,Theft,AR,106,0,2026-05-25 11:11:10.702571
169,1957,825-75-8832,Home,16185.96,Approved,Flood,MA,245,0,2026-05-25 11:11:10.702592
170,1562,564-42-9910,Auto,17580.77,Approved,Accident,TX,189,0,2026-05-25 11:11:10.702613
171,4896,859-54-9341,Home,13106.9,Approved,Theft,WI,188,0,2026-05-25 11:11:10.702634
172,1742,559-33-1415,Life,17315.85,Approved,Accident,NC,255,1,2026-05-25 11:11:10.702655
173,4748,734-70-3260,Home,32545.16,Approved,Fire,RI,247,1,2026-05-25 11:11:10.702680
174,1935,569-14-5307,Home,18577.41,Denied,Flood,LA,261,1,2026-05-25 11:11:10.702703
175,1322,050-07-1668,Life,33626.35,Approved,Theft,ND,286,0,2026-05-25 11:11:10.702725
176,4562,765-82-4788,Life,16659.42,Pending,Theft,AK,107,0,2026-05-25 11:11:10.702748
177,1157,059-05-6521,Life,39845.01,Approved,Flood,IN,207,0,2026-05-25 11:11:10.702769
178,3406,227-23-7571,Auto,49993.72,Approved,Fire,ID,266,1,2026-05-25 11:11:10.702791
179,1346,238-32-7945,Life,34161.18,Approved,Fire,NE,142,1,2026-05-25 11:11:10.702812
180,4177,846-99-9711,Home,9115.41,Pending,Fire,TN,163,0,2026-05-25 11:11:10.702833
181,3952,054-68-0481,Home,40937.49,Approved,Fire,MH,171,0,2026-05-25 11:11:10.702860
182,3360,789-50-9760,Auto,44170.27,Approved,Fire,WI,107,1,2026-05-25 11:11:10.702881
183,1746,029-57-9408,Home,21065.32,Denied,Theft,WI,270,0,2026-05-25 11:11:10.702907
184,3168,180-91-6234,Auto,1949.89,Denied,Theft,IN,117,0,2026-05-25 11:11:10.702928
185,4021,367-09-3565,Auto,23596.72,Denied,Fire,AL,157,0,2026-05-25 11:11:10.702949
186,4894,243-10-3017,Auto,19630.15,Approved,Fire,AZ,167,1,2026-05-25 11:11:10.702971
187,1974,356-26-5205,Life,25352.08,Approved,Flood,KS,296,1,2026-05-25 11:11:10.702992
188,1855,576-05-0690,Home,34552.57,Approved,Theft,TX,227,0,2026-05-25 11:11:10.703015
189,2716,726-46-7961,Auto,11998.83,Pending,Theft,NM,163,0,2026-05-25 11:11:10.703037
190,3177,143-39-3873,Auto,34960.56,Approved,Flood,IN,140,0,2026-05-25 11:11:10.703062
191,1822,737-92-9156,Life,19070.28,Approved,Flood,IL,161,0,2026-05-25 11:11:10.703084
192,3323,358-32-8344,Auto,9906.8,Pending,Flood,OR,125,0,2026-05-25 11:11:10.703105
193,3272,293-54-6734,Life,41028.71,Pending,Fire,UT,273,0,2026-05-25 11:11:10.703132
194,1483,574-99-7065,Home,10867.15,Denied,Accident,NY,168,0,2026-05-25 11:11:10.703154
195,3168,685-04-3162,Auto,38861.0,Denied,Flood,WI,182,1,2026-05-25 11:11:10.703175
196,3999,847-14-9544,Auto,49212.54,Approved,Fire,CO,165,1,2026-05-25 11:11:10.703196
197,3372,604-46-5567,Auto,9301.04,Approved,Fire,IN,241,0,2026-05-25 11:11:10.703218
198,3246,218-80-8766,Auto,31772.7,Approved,Theft,LA,174,0,2026-05-25 11:11:10.703239
199,4392,686-20-9091,Home,25125.97,Pending,Flood,NM,111,0,2026-05-25 11:11:10.703260
200,1063,670-74-6111,Home,9780.9,Denied,Flood,IN,118,0,2026-05-25 11:11:10.703281
201,3933,004-75-3107,Auto,48651.99,Approved,Fire,VT,270,0,2026-05-25 11:11:10.703302
202,1552,244-79-6229,Home,48517.56,Denied,Fire,AZ,297,0,2026-05-25 11:11:10.703323
203,4750,237-08-2104,Home,1018.01,Approved,Theft,AL,284,0,2026-05-25 11:11:10.703350
204,4646,883-77-7267,Home,35528.91,Approved,Fire,IN,290,0,2026-05-25 11:11:10.703375
205,4664,743-72-8575,Home,10005.31,Pending,Fire,IL,296,1,2026-05-25 11:11:10.703397
206,3047,503-51-4551,Auto,11415.99,Pending,Flood,MT,153,0,2026-05-25 11:11:10.703418
207,4222,623-17-8853,Auto,3590.4,Approved,Accident,AL,250,0,2026-05-25 11:11:10.703440
208,1839,565-96-9160,Life,26103.82,Approved,Flood,NV,131,1,2026-05-25 11:11:10.703461
209,3875,559-74-7837,Life,37414.7,Pending,Fire,AZ,223,0,2026-05-25 11:11:10.703482
210,2161,341-62-3051,Home,4355.15,Pending,Theft,ID,137,0,2026-05-25 11:11:10.703503
211,3392,571-74-3807,Home,35442.1,Denied,Theft,CO,176,0,2026-05-25 11:11:10.703523
212,4682,361-58-4201,Auto,38038.11,Pending,Flood,MP,248,0,2026-05-25 11:11:10.703544
213,1931,432-13-2800,Auto,37096.04,Denied,Flood,SC,154,0,2026-05-25 11:11:10.703569
214,2396,047-88-2223,Life,48543.93,Pending,Fire,HI,221,0,2026-05-25 11:11:10.703591
215,3231,431-03-4552,Auto,46960.22,Pending,Theft,MD,139,0,2026-05-25 11:11:10.703612
216,2171,794-08-4582,Home,31592.09,Approved,Theft,MN,272,0,2026-05-25 11:11:10.703633
217,3298,529-12-7870,Life,47849.52,Denied,Accident,KS,210,0,2026-05-25 11:11:10.703654
218,1254,567-02-1338,Home,27972.89,Approved,Fire,CO,245,0,2026-05-25 11:11:10.703682
219,2232,865-08-5333,Auto,1126.62,Pending,Theft,WA,157,1,2026-05-25 11:11:10.703720
220,4915,580-69-5246,Home,19138.51,Pending,Theft,IN,113,0,2026-05-25 11:11:10.703735
221,1523,046-27-0147,Home,1003.08,Pending,Theft,VT,102,1,2026-05-25 11:11:10.703752
222,1087,320-56-7314,Home,44304.41,Pending,Accident,PR,111,0,2026-05-25 11:11:10.703772
223,3466,870-50-9420,Home,23490.62,Pending,Accident,AL,196,0,2026-05-25 11:11:10.703792
224,1558,548-57-4205,Life,10267.26,Denied,Accident,LA,225,0,2026-05-25 11:11:10.703809
225,1013,595-14-1643,Home,2898.77,Pending,Accident,PR,105,1,2026-05-25 11:11:10.703825
226,4922,802-18-7946,Life,6165.96,Denied,Flood,PA,122,0,2026-05-25 11:11:10.703842
227,3836,197-87-6661,Home,16078.66,Pending,Theft,NC,273,0,2026-05-25 11:11:10.703858
228,1142,727-70-6688,Life,18539.2,Approved,Fire,WY,222,1,2026-05-25 11:11:10.703874
229,1104,434-89-4510,Auto,46166.09,Pending,Fire,GA,154,0,2026-05-25 11:11:10.703891
230,1765,436-16-5130,Auto,46546.58,Approved,Fire,CO,204,0,2026-05-25 11:11:10.703907
231,3562,170-54-6922,Auto,41273.21,Denied,Flood,VA,125,0,2026-05-25 11:11:10.703923
232,1373,151-42-3094,Auto,21030.28,Approved,Fire,LA,143,1,2026-05-25 11:11:10.703939
233,4651,738-41-3791,Life,22473.46,Approved,Accident,NC,139,0,2026-05-25 11:11:10.703959
234,3753,748-63-9558,Auto,43240.66,Pending,Flood,CT,253,1,2026-05-25 11:11:10.703978
235,1072,816-24-8538,Auto,12787.32,Pending,Accident,VT,103,1,2026-05-25 11:11:10.703994
236,2076,863-91-4135,Life,40642.39,Denied,Flood,NE,151,0,2026-05-25 11:11:10.704010
237,2728,164-03-3740,Home,29997.05,Denied,Accident,NY,145,0,2026-05-25 11:11:10.704027
238,1438,336-01-5124,Life,33174.47,Pending,Flood,RI,132,1,2026-05-25 11:11:10.704043
239,3960,883-73-9513,Home,13719.01,Denied,Fire,AR,108,0,2026-05-25 11:11:10.704059
240,1625,836-51-4280,Home,30637.35,Approved,Fire,AZ,230,0,2026-05-25 11:11:10.704075
241,2191,574-42-3689,Life,24807.69,Pending,Flood,FM,243,1,2026-05-25 11:11:10.704091
242,3668,339-12-2298,Auto,7827.76,Approved,Accident,ME,100,0,2026-05-25 11:11:10.704107
243,2729,492-16-1161,Auto,29491.6,Denied,Accident,ME,158,0,2026-05-25 11:11:10.704127
244,2204,227-02-0406,Home,31132.1,Pending,Theft,ID,117,0,2026-05-25 11:11:10.704144
245,4586,285-97-3564,Life,44465.39,Denied,Fire,PR,103,0,2026-05-25 11:11:10.704161
246,2038,372-36-7392,Auto,41830.06,Approved,Flood,KS,116,1,2026-05-25 11:11:10.704178
247,3110,284-03-3644,Home,25265.95,Pending,Flood,RI,225,1,2026-05-25 11:11:10.704194
248,1126,352-57-4377,Home,42794.98,Approved,Accident,CT,140,0,2026-05-25 11:11:10.704212
249,3168,756-29-1981,Auto,16637.31,Denied,Fire,OK,153,0,2026-05-25 11:11:10.704229
250,4506,543-89-2991,Home,2809.28,Denied,Flood,SC,189,0,2026-05-25 11:11:10.704245
251,2742,131-15-6951,Life,23824.67,Approved,Accident,NH,112,0,2026-05-25 11:11:10.704262
252,3635,679-51-8467,Auto,29399.2,Approved,Fire,AK,241,0,2026-05-25 11:11:10.704279
253,1580,068-11-3303,Home,7205.28,Approved,Flood,AR,265,0,2026-05-25 11:11:10.704299
254,3108,629-45-7948,Home,16971.44,Approved,Theft,UT,195,1,2026-05-25 11:11:10.704320
255,2329,366-74-9732,Auto,8274.81,Denied,Fire,PW,291,0,2026-05-25 11:11:10.704337
256,3483,263-78-7351,Home,13600.05,Denied,Fire,NC,270,0,2026-05-25 11:11:10.704355
257,2281,808-13-2104,Life,19926.99,Denied,Fire,NC,228,0,2026-05-25 11:11:10.704371
258,4167,651-67-8091,Life,28381.86,Pending,Flood,FL,252,0,2026-05-25 11:11:10.704388
259,3154,500-17-3492,Auto,30882.33,Denied,Flood,NH,165,0,2026-05-25 11:11:10.704405
260,4919,496-19-0591,Auto,6315.61,Approved,Accident,SC,300,0,2026-05-25 11:11:10.704421
261,2191,754-85-8574,Life,26139.9,Denied,Theft,KY,234,0,2026-05-25 11:11:10.704441
262,3951,271-12-2044,Auto,19567.74,Pending,Accident,AK,173,0,2026-05-25 11:11:10.704459
263,1344,769-64-4983,Life,44435.94,Pending,Accident,GA,138,0,2026-05-25 11:11:10.704479
264,1924,375-73-5934,Auto,12686.51,Approved,Fire,AS,298,0,2026-05-25 11:11:10.704495
265,3844,002-34-1993,Life,4788.87,Pending,Fire,AR,258,0,2026-05-25 11:11:10.704512
266,4365,461-97-2018,Home,6685.04,Denied,Fire,FM,207,0,2026-05-25 11:11:10.704532
267,4433,837-66-8207,Auto,11303.53,Pending,Fire,KS,242,1,2026-05-25 11:11:10.704549
268,1859,211-65-6591,Life,31807.89,Approved,Theft,WV,124,0,2026-05-25 11:11:10.704565
269,3540,872-93-4235,Life,49504.71,Approved,Flood,VA,229,0,2026-05-25 11:11:10.704582
270,1997,711-67-2211,Home,5840.22,Denied,Theft,OR,289,1,2026-05-25 11:11:10.704599
271,3893,867-67-4147,Life,46912.87,Approved,Fire,AL,221,0,2026-05-25 11:11:10.704615
272,1845,312-14-8744,Auto,23621.34,Approved,Accident,WA,186,0,2026-05-25 11:11:10.704631
273,2243,111-45-0695,Life,8256.2,Denied,Theft,HI,208,0,2026-05-25 11:11:10.704651
274,4315,076-71-6941,Home,16335.62,Approved,Fire,ID,120,0,2026-05-25 11:11:10.704668
275,1954,332-15-0036,Auto,7993.28,Denied,Accident,MD,192,0,2026-05-25 11:11:10.704689
276,3142,574-33-6176,Auto,15235.27,Pending,Flood,IL,284,0,2026-05-25 11:11:10.704706
277,4880,535-76-1070,Life,43876.35,Approved,Accident,DC,195,0,2026-05-25 11:11:10.704723
278,4781,696-55-1761,Life,36216.11,Approved,Flood,IL,147,0,2026-05-25 11:11:10.704739
279,2744,322-12-5920,Home,24385.12,Pending,Fire,DC,252,1,2026-05-25 11:11:10.704755
280,1481,668-52-8951,Life,5436.51,Denied,Fire,WY,127,0,2026-05-25 11:11:10.704771
281,2861,448-95-1607,Auto,42054.93,Denied,Flood,VI,252,0,2026-05-25 11:11:10.704787
282,1877,267-93-8562,Life,13515.37,Pending,Accident,MA,179,1,2026-05-25 11:11:10.704803
283,2447,156-02-9304,Life,11643.27,Approved,Fire,MP,252,0,2026-05-25 11:11:10.704823
284,1554,051-69-6650,Auto,4404.71,Denied,Flood,IA,253,0,2026-05-25 11:11:10.704840
285,4209,512-20-4520,Home,31878.22,Approved,Accident,WY,146,0,2026-05-25 11:11:10.704857
286,4566,393-15-7575,Auto,17680.13,Pending,Fire,WY,100,0,2026-05-25 11:11:10.704876
287,4139,646-42-7695,Auto,14688.48,Pending,Fire,ME,222,0,2026-05-25 11:11:10.704893
288,2534,406-93-0332,Home,15312.3,Denied,Accident,MT,261,0,2026-05-25 11:11:10.704909
289,3880,445-50-5231,Auto,42727.31,Approved,Accident,AS,127,0,2026-05-25 11:11:10.704926
290,1609,026-47-5251,Life,23895.21,Denied,Flood,CO,238,0,2026-05-25 11:11:10.704942
291,4038,617-11-7680,Auto,3375.76,Pending,Fire,GU,225,0,2026-05-25 11:11:10.704960
292,4469,791-53-1572,Life,22127.32,Approved,Accident,IA,116,0,2026-05-25 11:11:10.704976
293,4317,452-70-0437,Life,28016.74,Denied,Fire,NV,267,0,2026-05-25 11:11:10.704995
294,4248,597-02-0295,Life,11673.34,Denied,Fire,IL,229,1,2026-05-25 11:11:10.705012
295,3464,536-09-4717,Life,49736.67,Approved,Fire,DE,161,0,2026-05-25 11:11:10.705029
296,2175,871-74-3672,Life,28833.94,Denied,Accident,NY,151,0,2026-05-25 11:11:10.705045
297,3357,829-86-9213,Home,23599.88,Denied,Theft,SC,266,0,2026-05-25 11:11:10.705061
298,1425,622-63-8283,Auto,8538.52,Pending,Accident,MT,143,0,2026-05-25 11:11:10.705077
299,1858,808-93-5480,Home,32325.88,Approved,Theft,OR,205,0,2026-05-25 11:11:10.705094
300,2837,383-46-6933,Life,5828.79,Approved,Theft,IL,144,0,2026-05-25 11:11:10.705110
301,3310,515-28-3030,Life,31558.83,Denied,Accident,LA,265,0,2026-05-25 11:11:10.705127
302,2299,569-02-9699,Life,11702.11,Approved,Fire,FL,261,0,2026-05-25 11:11:10.705162
303,1309,042-59-2381,Home,9147.22,Approved,Theft,WI,210,1,2026-05-25 11:11:10.705183
304,1329,604-08-1434,Life,43761.66,Approved,Flood,MA,194,0,2026-05-25 11:11:10.705200
305,2509,052-96-4165,Life,41605.15,Pending,Accident,MA,236,0,2026-05-25 11:11:10.705216
306,3755,748-74-4364,Auto,16889.13,Approved,Theft,UT,240,0,2026-05-25 11:11:10.705233
307,4166,364-83-2225,Life,33614.84,Approved,Accident,NV,145,0,2026-05-25 11:11:10.705250
308,2310,009-64-8049,Life,36366.85,Denied,Flood,TN,182,1,2026-05-25 11:11:10.705267
309,4499,204-89-5927,Home,24275.1,Denied,Fire,ME,257,1,2026-05-25 11:11:10.705283
310,4067,864-52-5460,Home,46536.48,Approved,Accident,MD,234,0,2026-05-25 11:11:10.705300
311,3607,412-83-7832,Auto,38358.72,Approved,Fire,ND,151,0,2026-05-25 11:11:10.705317
312,3458,776-02-8113,Home,23562.67,Approved,Accident,WY,105,1,2026-05-25 11:11:10.705333
313,4510,623-11-3742,Auto,5340.24,Approved,Fire,PW,180,0,2026-05-25 11:11:10.705353
314,1883,160-58-6651,Life,29126.22,Approved,Flood,MS,193,1,2026-05-25 11:11:10.705370
315,1332,869-34-3279,Auto,23326.38,Approved,Accident,OH,254,0,2026-05-25 11:11:10.705387
316,1549,008-26-2488,Auto,25482.1,Approved,Flood,IA,255,0,2026-05-25 11:11:10.705403
317,3535,248-58-4409,Life,49112.98,Pending,Fire,LA,282,1,2026-05-25 11:11:10.705423
318,4551,475-75-6589,Life,47411.07,Pending,Accident,NH,259,1,2026-05-25 11:11:10.705440
319,4906,647-32-1571,Life,1439.49,Approved,Accident,LA,203,1,2026-05-25 11:11:10.705457
320,3237,486-24-3517,Auto,15258.56,Denied,Fire,ID,286,1,2026-05-25 11:11:10.705474
321,3636,045-53-9078,Life,20680.62,Denied,Accident,VI,182,0,2026-05-25 11:11:10.705491
322,2671,205-50-4502,Home,21951.7,Pending,Flood,KY,255,0,2026-05-25 11:11:10.705508
323,1100,166-33-2282,Home,8601.06,Denied,Theft,VI,209,0,2026-05-25 11:11:10.705529
324,1565,646-47-5769,Home,21592.29,Denied,Accident,WA,300,0,2026-05-25 11:11:10.705545
325,3072,893-27-1982,Life,10063.98,Pending,Theft,NJ,218,0,2026-05-25 11:11:10.705562
326,1692,701-18-9083,Home,27297.26,Pending,Fire,PR,120,0,2026-05-25 11:11:10.705579
327,3871,350-43-6449,Home,48207.26,Denied,Flood,IA,136,0,2026-05-25 11:11:10.705595
328,2621,457-09-0331,Life,48488.14,Approved,Accident,MO,115,0,2026-05-25 11:11:10.705612
329,3169,257-33-4942,Home,7186.53,Pending,Fire,TN,202,0,2026-05-25 11:11:10.705628
330,4591,700-68-6230,Home,40205.74,Pending,Flood,MO,226,0,2026-05-25 11:11:10.705645
331,4891,376-69-8855,Life,39099.24,Approved,Flood,TN,156,0,2026-05-25 11:11:10.705662
332,1672,787-75-9517,Auto,41162.0,Pending,Accident,ND,208,0,2026-05-25 11:11:10.705678
333,2537,728-79-4191,Life,34141.69,Approved,Fire,WI,143,0,2026-05-25 11:11:10.705697
334,2460,852-48-1032,Life,21082.47,Pending,Theft,TX,249,0,2026-05-25 11:11:10.705714
335,4008,575-62-6680,Auto,44845.17,Approved,Accident,WA,192,0,2026-05-25 11:11:10.705731
336,2929,692-68-7529,Home,47902.2,Pending,Accident,AR,288,1,2026-05-25 11:11:10.705748
337,1215,523-25-5978,Home,26085.58,Denied,Flood,MH,149,0,2026-05-25 11:11:10.705764
338,3402,777-06-0130,Home,13965.92,Pending,Theft,HI,110,0,2026-05-25 11:11:10.705824
339,1627,334-57-1241,Home,6418.16,Pending,Accident,PA,129,0,2026-05-25 11:11:10.705873
340,3323,156-13-9174,Auto,24096.42,Approved,Theft,GU,195,0,2026-05-25 11:11:10.705897
341,1771,136-99-9718,Auto,1293.54,Denied,Theft,TX,192,0,2026-05-25 11:11:10.705925
342,1292,819-53-5100,Life,28409.34,Denied,Flood,NC,265,0,2026-05-25 11:11:10.705944
343,3310,385-63-2696,Auto,2617.69,Pending,Accident,WY,235,0,2026-05-25 11:11:10.705967
344,4958,349-05-5680,Auto,17514.15,Denied,Fire,ND,215,0,2026-05-25 11:11:10.705991
345,3430,118-80-7857,Home,17883.68,Denied,Flood,FL,234,1,2026-05-25 11:11:10.706009
346,1087,349-77-5675,Auto,42727.95,Pending,Accident,WV,197,1,2026-05-25 11:11:10.706027
347,4908,272-64-1050,Home,11714.24,Denied,Theft,LA,125,0,2026-05-25 11:11:10.706044
348,2728,130-50-8698,Auto,47765.87,Denied,Accident,AR,284,0,2026-05-25 11:11:10.706062
349,3436,160-24-6498,Auto,43631.74,Pending,Accident,MI,103,0,2026-05-25 11:11:10.706083
350,2343,124-60-4594,Home,7677.05,Approved,Flood,MO,131,0,2026-05-25 11:11:10.706101
351,3431,520-82-3466,Life,15016.28,Pending,Flood,MN,291,0,2026-05-25 11:11:10.706174
352,2556,723-98-8429,Life,27895.42,Approved,Flood,FM,222,1,2026-05-25 11:11:10.706220
353,2443,300-20-0739,Auto,39883.66,Approved,Flood,SD,101,0,2026-05-25 11:11:10.706251
354,1875,439-50-1103,Auto,29977.76,Pending,Accident,VT,243,1,2026-05-25 11:11:10.706275
355,1467,340-57-0524,Auto,47330.34,Approved,Fire,GU,240,1,2026-05-25 11:11:10.706294
356,2333,630-94-0331,Auto,34811.82,Denied,Flood,HI,222,0,2026-05-25 11:11:10.706315
357,3238,226-16-8042,Home,2505.26,Denied,Theft,MT,169,1,2026-05-25 11:11:10.706334
358,2020,278-09-6278,Auto,4904.6,Approved,Theft,KS,102,1,2026-05-25 11:11:10.706352
359,1251,799-48-5687,Home,4938.29,Approved,Fire,WY,211,0,2026-05-25 11:11:10.706370
360,4471,001-61-1600,Home,36514.04,Approved,Theft,ME,131,0,2026-05-25 11:11:10.706387
361,3858,805-51-4113,Auto,30109.76,Denied,Theft,HI,170,0,2026-05-25 11:11:10.706405
362,4446,738-42-0713,Auto,6731.44,Denied,Accident,VT,148,0,2026-05-25 11:11:10.706423
363,1149,481-24-9683,Home,18277.15,Approved,Theft,NH,126,0,2026-05-25 11:11:10.706444
364,1398,659-20-2193,Auto,9098.53,Pending,Theft,FM,149,0,2026-05-25 11:11:10.706461
365,4096,166-30-7149,Auto,31183.04,Denied,Theft,MD,246,0,2026-05-25 11:11:10.706480
366,4702,798-02-7682,Auto,40946.9,Approved,Accident,AK,190,0,2026-05-25 11:11:10.706497
367,2575,481-54-8359,Auto,27105.54,Approved,Flood,MD,192,1,2026-05-25 11:11:10.706515
368,3417,415-92-3507,Auto,6014.09,Pending,Flood,CT,221,0,2026-05-25 11:11:10.706532
369,4622,120-03-0752,Auto,47863.21,Denied,Fire,MH,214,0,2026-05-25 11:11:10.706549
370,1468,649-55-8615,Home,3489.26,Pending,Theft,AK,129,0,2026-05-25 11:11:10.706566
371,4861,467-41-9633,Home,14468.92,Approved,Theft,MO,243,0,2026-05-25 11:11:10.706582
372,3481,220-99-6984,Home,39292.51,Denied,Flood,ME,199,0,2026-05-25 11:11:10.706599
373,4475,794-44-6336,Auto,20030.68,Denied,Accident,NM,117,0,2026-05-25 11:11:10.706633
374,1753,234-67-2764,Auto,40070.11,Approved,Fire,CO,155,1,2026-05-25 11:11:10.706651
375,3001,578-70-7017,Life,27569.27,Pending,Fire,AS,126,0,2026-05-25 11:11:10.706669
376,1365,311-57-1668,Home,11202.69,Pending,Fire,AK,241,1,2026-05-25 11:11:10.706685
377,2523,510-69-3288,Home,30820.0,Denied,Fire,MA,174,0,2026-05-25 11:11:10.706702
378,2092,640-42-4804,Home,26144.92,Pending,Accident,MS,136,0,2026-05-25 11:11:10.706719
379,1289,220-52-3159,Life,43405.17,Approved,Flood,GU,139,0,2026-05-25 11:11:10.706735
380,4111,457-64-7669,Life,43216.39,Denied,Theft,KS,144,0,2026-05-25 11:11:10.706752
381,1018,288-42-5584,Life,28897.3,Pending,Accident,CO,204,0,2026-05-25 11:11:10.706773
382,3336,319-33-7619,Home,38893.78,Denied,Accident,IA,236,0,2026-05-25 11:11:10.706790
383,4448,168-33-2247,Home,14990.48,Approved,Accident,GU,195,0,2026-05-25 11:11:10.706813
384,1900,646-37-4409,Home,32312.6,Pending,Theft,OR,294,0,2026-05-25 11:11:10.706831
385,1100,132-55-3266,Auto,31903.33,Denied,Accident,NC,227,0,2026-05-25 11:11:10.706849
386,4566,497-74-5111,Auto,34787.93,Pending,Theft,FM,243,0,2026-05-25 11:11:10.706866
387,2234,774-67-6741,Auto,45497.51,Approved,Fire,WY,158,0,2026-05-25 11:11:10.706883
388,1739,073-82-9083,Home,39163.98,Denied,Theft,IA,211,1,2026-05-25 11:11:10.706901
389,2792,396-80-4133,Life,23331.19,Denied,Flood,IN,156,0,2026-05-25 11:11:10.706918
390,2683,566-36-2445,Auto,39248.48,Approved,Fire,TN,232,1,2026-05-25 11:11:10.706934
391,3667,072-40-8747,Home,9332.15,Approved,Fire,NE,115,1,2026-05-25 11:11:10.706958
392,2820,342-51-0881,Life,13387.37,Approved,Flood,FM,114,0,2026-05-25 11:11:10.706975
393,4795,646-93-2827,Home,39296.6,Denied,Accident,NM,215,0,2026-05-25 11:11:10.706996
394,2425,707-90-0334,Home,29074.44,Denied,Fire,RI,160,0,2026-05-25 11:11:10.707013
395,1412,087-67-7836,Life,39577.11,Pending,Accident,FL,132,0,2026-05-25 11:11:10.707029
396,4401,649-48-7641,Auto,31097.5,Approved,Fire,IA,130,0,2026-05-25 11:11:10.707046
397,3205,274-79-7969,Auto,49938.36,Approved,Theft,GU,128,1,2026-05-25 11:11:10.707063
398,3474,030-59-2168,Home,6928.5,Pending,Accident,AL,147,0,2026-05-25 11:11:10.707079
399,3191,477-51-9485,Auto,12728.56,Approved,Flood,AS,113,0,2026-05-25 11:11:10.707095
400,1313,524-89-4965,Auto,45665.89,Pending,Accident,MI,215,0,2026-05-25 11:11:10.707112
401,2457,464-48-8687,Auto,43093.06,Pending,Flood,KS,135,0,2026-05-25 11:11:10.707128
402,3757,560-37-4568,Life,47422.73,Approved,Accident,UT,134,0,2026-05-25 11:11:10.707150
403,3368,821-32-5688,Auto,48048.16,Pending,Flood,AZ,135,0,2026-05-25 11:11:10.707173
404,1470,145-54-2967,Life,3704.25,Pending,Theft,DC,179,0,2026-05-25 11:11:10.707189
405,1418,848-51-1646,Auto,40360.49,Denied,Flood,VA,205,0,2026-05-25 11:11:10.707206
406,4785,644-74-5183,Life,23480.94,Pending,Fire,MA,212,1,2026-05-25 11:11:10.707222
407,3976,354-36-6897,Life,45596.51,Approved,Fire,ND,113,1,2026-05-25 11:11:10.707238
408,1419,574-69-9500,Home,6183.81,Denied,Fire,WY,136,1,2026-05-25 11:11:10.707254
409,3214,208-39-6001,Home,12876.89,Approved,Flood,WV,268,0,2026-05-25 11:11:10.707271
410,3872,220-37-1935,Life,10747.2,Approved,Flood,TX,117,0,2026-05-25 11:11:10.707287
411,1029,410-64-5211,Auto,48628.37,Pending,Fire,MO,199,1,2026-05-25 11:11:10.707303
412,3715,459-50-2468,Life,13338.73,Denied,Flood,CT,182,1,2026-05-25 11:11:10.707319
413,4648,467-43-5429,Life,36502.59,Approved,Fire,SD,214,0,2026-05-25 11:11:10.707341
414,4896,148-15-5626,Home,5709.27,Approved,Theft,VT,151,0,2026-05-25 11:11:10.707365
415,4891,553-08-1265,Home,5204.25,Approved,Theft,TN,104,1,2026-05-25 11:11:10.707383
416,2266,488-62-3568,Auto,15284.22,Pending,Flood,NV,233,0,2026-05-25 11:11:10.707400
417,2429,209-85-8878,Auto,2282.66,Approved,Fire,NV,173,0,2026-05-25 11:11:10.707417
418,1538,166-32-7741,Home,42547.64,Denied,Accident,DE,285,0,2026-05-25 11:11:10.707434
419,2369,102-39-0331,Life,34191.19,Approved,Flood,HI,216,0,2026-05-25 11:11:10.707450
420,3505,227-22-1998,Home,43607.05,Approved,Accident,VA,223,1,2026-05-25 11:11:10.707467
421,1478,048-02-3668,Life,27813.74,Approved,Fire,AK,126,0,2026-05-25 11:11:10.707484
422,1102,093-15-0432,Life,2157.26,Denied,Flood,WV,141,0,2026-05-25 11:11:10.707500
423,4950,067-75-4377,Home,22982.92,Pending,Fire,IL,211,1,2026-05-25 11:11:10.707521
424,3290,750-78-6768,Home,25853.76,Pending,Fire,WA,102,0,2026-05-25 11:11:10.707541
425,4147,849-75-5460,Home,40279.17,Denied,Accident,VA,217,0,2026-05-25 11:11:10.707557
426,4106,842-43-5861,Life,22353.44,Denied,Theft,NE,257,0,2026-05-25 11:11:10.707574
427,3362,388-72-1402,Auto,9087.38,Denied,Accident,DE,227,0,2026-05-25 11:11:10.707590
428,3647,378-39-1614,Home,12293.91,Approved,Theft,MT,127,0,2026-05-25 11:11:10.707606
429,1120,017-44-1041,Home,2230.81,Approved,Accident,WI,174,0,2026-05-25 11:11:10.707622
430,4811,822-58-2777,Home,14644.23,Pending,Accident,IN,152,1,2026-05-25 11:11:10.707639
431,3601,302-42-9084,Home,42290.4,Pending,Fire,FL,102,0,2026-05-25 11:11:10.707655
432,1703,590-12-2200,Home,40118.47,Approved,Flood,VA,189,0,2026-05-25 11:11:10.707671
433,1917,287-22-6322,Home,34171.22,Approved,Fire,TX,290,1,2026-05-25 11:11:10.707692
434,3631,772-99-4801,Life,7681.17,Denied,Fire,NM,138,0,2026-05-25 11:11:10.707708
435,4387,410-66-9781,Home,26659.62,Approved,Accident,TX,164,1,2026-05-25 11:11:10.707725
436,3933,682-84-4801,Life,46401.01,Approved,Accident,MT,159,1,2026-05-25 11:11:10.707745
437,1570,421-10-5532,Auto,12623.08,Pending,Theft,RI,191,0,2026-05-25 11:11:10.707763
438,2239,801-57-1244,Home,4499.71,Approved,Accident,PA,146,1,2026-05-25 11:11:10.707779
439,4636,069-78-5460,Home,21564.92,Denied,Flood,PW,126,0,2026-05-25 11:11:10.707796
440,2886,673-13-1323,Auto,43797.24,Denied,Flood,HI,256,1,2026-05-25 11:11:10.707812
441,1206,015-66-2841,Home,39865.4,Pending,Flood,MD,101,0,2026-05-25 11:11:10.707828
442,1061,749-05-3996,Home,30809.1,Approved,Theft,NE,235,0,2026-05-25 11:11:10.707845
443,4348,464-65-3369,Life,23189.21,Denied,Accident,CA,277,1,2026-05-25 11:11:10.707865
444,2794,259-69-6649,Life,19236.29,Pending,Fire,VI,282,0,2026-05-25 11:11:10.707882
445,3637,197-05-9302,Auto,18496.7,Pending,Fire,HI,250,0,2026-05-25 11:11:10.707911
446,2118,029-80-9677,Auto,31596.08,Pending,Fire,ME,147,0,2026-05-25 11:11:10.707932
447,1375,834-80-0994,Life,7082.1,Approved,Fire,NV,136,1,2026-05-25 11:11:10.707952
448,1376,301-87-3315,Life,45029.38,Pending,Fire,NE,280,1,2026-05-25 11:11:10.707973
449,2220,662-39-5798,Life,1874.01,Denied,Flood,PR,282,1,2026-05-25 11:11:10.707992
450,4242,196-97-5559,Life,5766.99,Pending,Fire,WV,235,0,2026-05-25 11:11:10.708012
451,4413,469-32-7163,Life,34703.54,Approved,Fire,ND,200,0,2026-05-25 11:11:10.708032
452,2492,356-81-1130,Auto,43262.57,Denied,Theft,VA,134,0,2026-05-25 11:11:10.708051
453,4057,550-07-9511,Life,36822.03,Approved,Theft,SC,207,0,2026-05-25 11:11:10.708074
454,4306,396-11-8990,Home,38419.68,Pending,Fire,IL,278,0,2026-05-25 11:11:10.708093
455,3632,836-83-0478,Home,26046.3,Denied,Flood,MP,143,0,2026-05-25 11:11:10.708110
456,3587,818-01-6418,Auto,12253.52,Pending,Fire,GA,166,0,2026-05-25 11:11:10.708127
457,1854,543-20-8526,Auto,18892.4,Denied,Flood,PA,171,0,2026-05-25 11:11:10.708144
458,4715,050-73-4541,Auto,3300.75,Denied,Flood,KS,238,0,2026-05-25 11:11:10.708162
459,3849,384-79-3523,Home,4619.02,Pending,Accident,GA,181,0,2026-05-25 11:11:10.708179
460,2568,870-18-1683,Home,20767.81,Pending,Flood,MT,260,0,2026-05-25 11:11:10.708196
461,1566,142-87-9708,Auto,13418.22,Denied,Accident,ME,194,0,2026-05-25 11:11:10.708213
462,4968,817-95-5730,Home,47370.06,Pending,Flood,OH,226,1,2026-05-25 11:11:10.708230
463,2214,354-79-0226,Life,37458.46,Approved,Theft,CT,175,0,2026-05-25 11:11:10.708251
464,5000,273-23-8146,Home,40542.75,Pending,Theft,MS,229,0,2026-05-25 11:11:10.708269
465,3661,441-35-1192,Home,2334.49,Denied,Accident,ND,273,0,2026-05-25 11:11:10.708289
466,1615,228-24-6274,Home,43960.34,Pending,Accident,PR,180,0,2026-05-25 11:11:10.708307
467,3096,455-96-4934,Life,11009.87,Denied,Theft,OK,258,1,2026-05-25 11:11:10.708323
468,3186,786-48-1926,Life,1532.38,Pending,Flood,NJ,140,0,2026-05-25 11:11:10.708340
469,3714,614-63-4618,Auto,32292.05,Denied,Flood,TX,224,0,2026-05-25 11:11:10.708356
470,4779,155-76-1895,Life,6368.77,Denied,Fire,VI,181,0,2026-05-25 11:11:10.708373
471,2233,587-36-9407,Home,4392.23,Pending,Theft,OK,204,0,2026-05-25 11:11:10.708390
472,1951,225-33-3412,Home,23653.99,Denied,Theft,NC,293,1,2026-05-25 11:11:10.708406
473,3604,765-02-9722,Auto,33028.93,Denied,Accident,FL,299,1,2026-05-25 11:11:10.708427
474,1319,128-40-9288,Auto,11445.54,Approved,Flood,DE,251,1,2026-05-25 11:11:10.708444
475,2341,858-23-7872,Auto,37445.28,Approved,Fire,AZ,122,0,2026-05-25 11:11:10.708460
476,4965,170-34-1975,Home,21756.29,Pending,Flood,KS,226,0,2026-05-25 11:11:10.708476
477,4446,276-39-9230,Home,23708.2,Pending,Flood,CO,271,1,2026-05-25 11:11:10.708497
478,3091,664-28-6744,Home,32920.89,Approved,Fire,MH,237,0,2026-05-25 11:11:10.708514
479,4077,372-78-1032,Life,33654.8,Pending,Fire,MI,210,0,2026-05-25 11:11:10.708531
480,3138,519-32-7476,Auto,6074.49,Pending,Theft,OR,198,0,2026-05-25 11:11:10.708548
481,1367,698-59-3456,Home,37136.25,Pending,Accident,OH,281,0,2026-05-25 11:11:10.708565
482,4305,347-38-3411,Auto,49266.59,Pending,Fire,AZ,131,1,2026-05-25 11:11:10.708581
483,2456,016-12-8797,Auto,25450.07,Denied,Fire,CT,276,0,2026-05-25 11:11:10.708601
484,3336,306-09-6879,Auto,2769.74,Approved,Flood,FM,180,0,2026-05-25 11:11:10.708619
485,4852,503-02-5636,Home,31874.33,Pending,Flood,MD,234,0,2026-05-25 11:11:10.708635
486,4153,517-34-2143,Auto,22697.92,Pending,Theft,FM,189,0,2026-05-25 11:11:10.708652
487,1658,412-35-4963,Home,7060.01,Approved,Fire,UT,170,0,2026-05-25 11:11:10.708668
488,3606,769-13-5090,Home,49318.89,Pending,Flood,SC,197,1,2026-05-25 11:11:10.708684
489,3110,339-46-7107,Life,15324.5,Denied,Fire,MT,135,0,2026-05-25 11:11:10.708701
490,3162,594-78-0342,Auto,33199.64,Pending,Accident,MS,100,0,2026-05-25 11:11:10.708717
491,1685,828-62-9555,Home,35590.9,Denied,Flood,GA,229,0,2026-05-25 11:11:10.708734
492,2568,639-94-2567,Auto,11356.17,Pending,Fire,AR,142,0,2026-05-25 11:11:10.708751
493,3423,329-52-1118,Home,41777.26,Denied,Theft,MT,132,0,2026-05-25 11:11:10.708771
494,1206,605-80-6423,Life,24167.49,Denied,Fire,OK,195,0,2026-05-25 11:11:10.708788
495,1272,886-89-8019,Auto,26587.93,Pending,Flood,MH,121,1,2026-05-25 11:11:10.708805
496,2429,658-89-0765,Life,12137.67,Pending,Fire,FL,181,0,2026-05-25 11:11:10.708821
497,4642,277-36-6275,Home,12294.68,Pending,Fire,ND,261,0,2026-05-25 11:11:10.708837
498,1133,166-14-5843,Home,23869.23,Approved,Accident,FL,250,0,2026-05-25 11:11:10.708854
499,2781,324-32-3433,Auto,32261.8,Denied,Fire,OK,279,0,2026-05-25 11:11:10.708870
500,3011,657-41-0222,Auto,47347.13,Pending,Fire,PA,295,0,2026-05-25 11:11:10.708887
501,3745,636-12-6583,Home,47100.59,Denied,Accident,AR,238,0,2026-05-25 11:11:10.708904
502,2279,447-42-0512,Auto,19558.86,Denied,Theft,MO,121,0,2026-05-25 11:11:10.708920
503,1104,519-38-2234,Auto,11676.45,Pending,Fire,KY,169,1,2026-05-25 11:11:10.708948
504,1172,143-08-0414,Auto,30958.46,Pending,Theft,OH,166,0,2026-05-25 11:11:10.708966
505,3149,677-77-8306,Auto,44197.09,Denied,Flood,IN,225,0,2026-05-25 11:11:10.708982
506,2398,013-82-9795,Auto,49608.08,Pending,Flood,VT,162,0,2026-05-25 11:11:10.708999
507,2280,060-08-4230,Life,43036.15,Pending,Accident,FL,223,0,2026-05-25 11:11:10.709016
508,4739,151-41-2751,Home,24552.37,Pending,Flood,AL,247,0,2026-05-25 11:11:10.709033
509,1572,390-43-6356,Auto,16142.34,Denied,Accident,SD,175,0,2026-05-25 11:11:10.709053
510,3781,798-25-7573,Home,10656.03,Denied,Accident,UT,260,1,2026-05-25 11:11:10.709070
511,1716,836-13-2276,Life,8805.89,Approved,Accident,SC,138,1,2026-05-25 11:11:10.709086
512,1642,544-14-8368,Life,5252.29,Pending,Accident,DC,278,0,2026-05-25 11:11:10.709103
513,4346,701-31-3134,Home,19406.28,Approved,Fire,NH,109,1,2026-05-25 11:11:10.709122
514,1639,092-72-5564,Auto,43205.52,Pending,Flood,MH,206,1,2026-05-25 11:11:10.709139
515,3815,648-54-4143,Life,45783.34,Pending,Flood,ME,286,0,2026-05-25 11:11:10.709156
516,4443,161-64-5440,Home,38758.98,Approved,Accident,ME,261,0,2026-05-25 11:11:10.709173
517,3442,012-51-4591,Life,38103.97,Pending,Theft,IN,241,1,2026-05-25 11:11:10.709190
518,2695,077-87-1296,Auto,26694.66,Denied,Theft,MD,241,0,2026-05-25 11:11:10.709213
519,2852,736-53-2996,Life,5745.31,Approved,Accident,VI,223,1,2026-05-25 11:11:10.709231
520,4034,592-39-2721,Life,1201.64,Approved,Accident,AR,263,1,2026-05-25 11:11:10.709248
521,2777,186-70-5602,Auto,13918.11,Approved,Flood,CA,138,0,2026-05-25 11:11:10.709269
522,4648,395-86-1250,Life,49872.74,Approved,Accident,IA,270,0,2026-05-25 11:11:10.709288
523,1033,068-94-8948,Auto,47135.13,Approved,Flood,IA,126,0,2026-05-25 11:11:10.709309
524,4659,724-94-2052,Home,14201.23,Approved,Flood,VT,144,0,2026-05-25 11:11:10.709325
525,3381,622-77-6455,Life,14045.1,Pending,Flood,TN,247,0,2026-05-25 11:11:10.709342
526,1932,047-80-7693,Auto,37610.77,Denied,Theft,MD,232,0,2026-05-25 11:11:10.709359
527,2056,321-05-2867,Life,36547.56,Pending,Accident,NM,117,0,2026-05-25 11:11:10.709375
528,1763,089-54-1431,Home,47975.86,Approved,Accident,UT,279,0,2026-05-25 11:11:10.709391
529,1778,599-20-3955,Home,34379.94,Denied,Flood,UT,279,1,2026-05-25 11:11:10.709408
530,1132,368-58-7704,Home,35873.71,Denied,Accident,NE,119,0,2026-05-25 11:11:10.709424
531,1852,437-09-0746,Auto,28719.76,Pending,Fire,PW,126,0,2026-05-25 11:11:10.709440
532,3740,015-10-7068,Life,17073.88,Denied,Fire,MS,136,1,2026-05-25 11:11:10.709457
533,4099,847-76-8265,Auto,10039.93,Pending,Accident,AK,228,0,2026-05-25 11:11:10.709476
534,2588,645-91-4437,Life,3919.07,Approved,Accident,MN,119,0,2026-05-25 11:11:10.709494
535,3517,553-30-2001,Life,44545.99,Approved,Fire,SD,122,0,2026-05-25 11:11:10.709510
536,1665,826-90-9778,Auto,10115.01,Approved,Theft,SD,190,0,2026-05-25 11:11:10.709526
537,4579,489-40-9129,Life,40327.81,Pending,Flood,CO,155,0,2026-05-25 11:11:10.709543
538,1052,548-18-9211,Life,32949.32,Denied,Fire,VI,300,0,2026-05-25 11:11:10.709560
539,3565,448-91-8757,Life,3935.78,Denied,Theft,WV,144,1,2026-05-25 11:11:10.709576
540,3639,449-25-8498,Auto,32604.63,Approved,Accident,NY,164,0,2026-05-25 11:11:10.709592
541,4137,693-51-4175,Auto,5811.14,Pending,Theft,MH,116,0,2026-05-25 11:11:10.709613
542,1402,332-65-9944,Life,34806.5,Approved,Flood,AZ,193,0,2026-05-25 11:11:10.709630
543,2862,028-98-9329,Auto,28641.04,Pending,Accident,CO,213,0,2026-05-25 11:11:10.709653
544,4536,253-82-2136,Auto,15674.51,Approved,Flood,ND,103,0,2026-05-25 11:11:10.709670
545,2737,044-56-1598,Auto,41650.23,Approved,Fire,NE,205,1,2026-05-25 11:11:10.709687
546,1069,193-17-5395,Home,46961.33,Pending,Flood,IL,190,0,2026-05-25 11:11:10.709704
547,2187,662-82-4003,Home,19171.79,Pending,Fire,MO,178,0,2026-05-25 11:11:10.709720
548,4362,021-48-9818,Life,28485.01,Pending,Fire,TX,286,1,2026-05-25 11:11:10.709742
549,4291,148-93-0592,Life,24148.66,Denied,Accident,VT,248,0,2026-05-25 11:11:10.709759
550,3241,083-74-8044,Home,20224.01,Approved,Fire,HI,235,0,2026-05-25 11:11:10.709775
551,2113,866-02-8711,Auto,3365.26,Denied,Fire,WY,101,0,2026-05-25 11:11:10.709792
552,2501,095-54-1214,Home,4828.27,Pending,Flood,NV,114,1,2026-05-25 11:11:10.709809
553,1400,065-21-9390,Life,22785.23,Denied,Accident,IL,269,1,2026-05-25 11:11:10.709829
554,4014,848-68-5284,Auto,8501.99,Denied,Theft,MN,216,0,2026-05-25 11:11:10.709846
555,4124,085-21-3564,Home,19080.72,Pending,Accident,MT,244,0,2026-05-25 11:11:10.709863
556,4296,811-63-1636,Auto,28545.35,Denied,Theft,SC,189,0,2026-05-25 11:11:10.709879
557,1562,740-22-8043,Auto,38977.48,Denied,Accident,OR,193,0,2026-05-25 11:11:10.709896
558,3911,310-97-8875,Life,8849.2,Pending,Accident,GU,200,0,2026-05-25 11:11:10.709912
559,3744,585-21-5767,Life,38740.26,Approved,Accident,WA,109,0,2026-05-25 11:11:10.709929
560,4333,643-77-0147,Home,37167.17,Denied,Theft,NY,249,0,2026-05-25 11:11:10.709946
561,1741,352-59-4080,Auto,28219.08,Pending,Theft,FL,273,0,2026-05-25 11:11:10.709962
562,1145,009-26-0063,Home,9556.38,Pending,Theft,MN,258,0,2026-05-25 11:11:10.709979
563,2744,635-25-0595,Life,26893.59,Pending,Fire,NY,188,1,2026-05-25 11:11:10.710000
564,2855,427-76-4911,Auto,25985.65,Approved,Flood,IA,111,1,2026-05-25 11:11:10.710016
565,2361,561-45-7579,Life,22044.01,Approved,Fire,VI,258,0,2026-05-25 11:11:10.710033
566,2587,256-79-5774,Home,32986.12,Pending,Theft,MD,259,0,2026-05-25 11:11:10.710049
567,4017,390-90-8115,Auto,47676.3,Pending,Fire,SD,138,0,2026-05-25 11:11:10.710065
568,3634,246-67-8424,Auto,19846.39,Pending,Accident,ID,100,0,2026-05-25 11:11:10.710082
569,1590,803-35-4909,Home,7800.28,Denied,Theft,CA,240,0,2026-05-25 11:11:10.710099
570,4952,829-28-2860,Auto,37276.14,Approved,Fire,AL,141,0,2026-05-25 11:11:10.710115
571,4116,544-18-7279,Life,6213.18,Denied,Theft,NH,219,0,2026-05-25 11:11:10.710132
572,3079,640-59-6306,Life,15590.86,Pending,Accident,NM,112,0,2026-05-25 11:11:10.710152
573,2477,483-45-8342,Life,35282.59,Denied,Flood,CT,239,1,2026-05-25 11:11:10.710174
574,3718,787-20-5197,Auto,40194.19,Approved,Accident,AL,111,1,2026-05-25 11:11:10.710193
575,4390,751-88-4574,Home,33553.54,Pending,Flood,PR,106,1,2026-05-25 11:11:10.710210
576,1621,013-64-7741,Home,29230.23,Approved,Accident,KS,221,0,2026-05-25 11:11:10.710226
577,2462,783-48-9221,Home,47109.96,Pending,Theft,ID,291,0,2026-05-25 11:11:10.710244
578,4635,451-07-8742,Home,35076.28,Approved,Fire,MP,133,1,2026-05-25 11:11:10.710262
579,4522,588-79-9101,Home,31037.88,Denied,Fire,NY,127,0,2026-05-25 11:11:10.710278
580,2046,052-21-7274,Home,19328.62,Pending,Theft,MD,170,1,2026-05-25 11:11:10.710295
581,4110,482-61-5305,Auto,20836.7,Denied,Fire,PW,170,0,2026-05-25 11:11:10.710312
582,4985,261-62-6539,Life,34020.71,Approved,Accident,WY,197,0,2026-05-25 11:11:10.710329
583,2845,820-36-1197,Auto,36594.0,Denied,Fire,ME,260,0,2026-05-25 11:11:10.710352
584,2906,339-89-5410,Life,34052.18,Approved,Theft,VA,182,0,2026-05-25 11:11:10.710370
585,2465,330-63-0618,Auto,28882.93,Pending,Fire,WV,130,0,2026-05-25 11:11:10.710388
586,1494,063-09-2288,Life,10825.79,Denied,Accident,WI,151,0,2026-05-25 11:11:10.710405
587,3251,268-78-8640,Life,16713.94,Denied,Theft,WV,207,0,2026-05-25 11:11:10.710423
588,3966,208-64-4695,Life,36612.52,Denied,Accident,MN,205,1,2026-05-25 11:11:10.710441
589,4303,205-04-2228,Home,27152.78,Approved,Fire,MA,132,1,2026-05-25 11:11:10.710459
590,3852,673-85-1647,Life,41689.38,Approved,Fire,NH,174,1,2026-05-25 11:11:10.710476
591,2488,872-60-3323,Home,23634.69,Approved,Flood,ID,233,0,2026-05-25 11:11:10.710493
592,3613,225-29-7040,Home,34011.99,Pending,Flood,HI,288,0,2026-05-25 11:11:10.710510
593,4195,280-67-2585,Auto,33692.24,Approved,Theft,OH,160,1,2026-05-25 11:11:10.710531
594,4889,443-12-5483,Auto,47560.44,Denied,Fire,WA,175,0,2026-05-25 11:11:10.710549
595,1397,622-29-6571,Life,35063.79,Pending,Theft,NH,254,1,2026-05-25 11:11:10.710566
596,1481,758-41-8672,Home,45059.14,Denied,Fire,DE,224,1,2026-05-25 11:11:10.710583
597,1198,676-91-7495,Auto,9375.71,Pending,Theft,SD,292,0,2026-05-25 11:11:10.710600
598,4112,701-20-1227,Auto,8802.98,Approved,Fire,NV,133,0,2026-05-25 11:11:10.710618
599,4174,843-09-9146,Home,23817.56,Pending,Fire,WY,133,0,2026-05-25 11:11:10.710635
600,3729,863-40-8325,Life,24941.44,Approved,Accident,MN,241,0,2026-05-25 11:11:10.710652
601,2866,490-90-5950,Home,39008.69,Pending,Fire,HI,155,0,2026-05-25 11:11:10.710669
602,2609,528-29-7958,Life,8942.34,Pending,Theft,MT,210,0,2026-05-25 11:11:10.710685
603,2153,826-68-3951,Home,5276.31,Pending,Theft,MH,295,1,2026-05-25 11:11:10.710705
604,3572,814-23-1115,Auto,45505.38,Denied,Flood,OK,177,1,2026-05-25 11:11:10.710726
605,1317,263-49-3569,Auto,15237.76,Denied,Accident,GU,155,0,2026-05-25 11:11:10.710744
606,1442,814-74-8473,Life,48161.22,Denied,Accident,SD,141,1,2026-05-25 11:11:10.710764
607,3437,213-90-1099,Life,2302.02,Pending,Theft,MP,295,0,2026-05-25 11:11:10.710783
608,2950,359-43-6331,Life,4025.08,Pending,Fire,PA,134,0,2026-05-25 11:11:10.710799
609,4813,577-72-7763,Home,40806.42,Pending,Theft,FL,190,0,2026-05-25 11:11:10.710816
610,4711,613-03-5514,Auto,9815.74,Denied,Fire,PW,189,1,2026-05-25 11:11:10.710833
611,4800,288-16-0148,Auto,17555.8,Approved,Fire,MI,273,0,2026-05-25 11:11:10.710850
612,2436,085-31-9562,Life,39262.49,Approved,Theft,MH,244,0,2026-05-25 11:11:10.710867
613,2367,048-78-2877,Auto,18997.73,Approved,Flood,WI,122,0,2026-05-25 11:11:10.710887
614,2152,294-13-8432,Home,35767.85,Pending,Accident,ND,187,0,2026-05-25 11:11:10.710904
615,1740,043-37-5660,Life,46238.02,Pending,Fire,MD,130,0,2026-05-25 11:11:10.710921
616,1204,898-68-1187,Auto,11611.67,Denied,Accident,SD,135,0,2026-05-25 11:11:10.710938
617,3877,737-28-3389,Life,39705.69,Approved,Theft,ME,240,0,2026-05-25 11:11:10.710955
618,1828,848-31-9961,Auto,34801.68,Approved,Fire,NV,149,1,2026-05-25 11:11:10.710971
619,4964,159-02-9709,Auto,3792.49,Pending,Flood,MI,230,0,2026-05-25 11:11:10.710988
620,4974,710-84-0096,Auto,43665.35,Approved,Accident,TX,288,0,2026-05-25 11:11:10.711005
621,3001,185-19-9331,Auto,26485.27,Approved,Fire,WY,140,0,2026-05-25 11:11:10.711022
622,3085,859-49-2311,Life,44103.26,Pending,Theft,TN,175,0,2026-05-25 11:11:10.711039
623,2914,875-52-0186,Home,2587.45,Pending,Flood,FL,290,1,2026-05-25 11:11:10.711060
624,1907,336-25-9424,Life,23984.82,Denied,Accident,VT,167,0,2026-05-25 11:11:10.711085
625,2156,569-85-6468,Auto,23156.85,Pending,Flood,MH,123,0,2026-05-25 11:11:10.711103
626,1943,175-38-4264,Life,38716.35,Pending,Fire,MI,100,0,2026-05-25 11:11:10.711120
627,4441,816-91-9019,Life,6827.11,Pending,Flood,KS,286,0,2026-05-25 11:11:10.711137
628,2500,835-59-0973,Auto,30910.07,Approved,Theft,AK,101,0,2026-05-25 11:11:10.711153
629,3444,150-33-7894,Home,9850.36,Denied,Theft,VA,230,0,2026-05-25 11:11:10.711170
630,4820,688-52-5905,Auto,4139.38,Pending,Fire,OR,296,1,2026-05-25 11:11:10.711187
631,3330,213-87-5347,Auto,49454.91,Denied,Accident,RI,181,0,2026-05-25 11:11:10.711204
632,1310,118-54-8418,Auto,15772.04,Approved,Theft,PA,131,0,2026-05-25 11:11:10.711220
633,2797,586-81-2790,Life,40709.83,Denied,Flood,SD,296,0,2026-05-25 11:11:10.711240
634,2530,284-90-5420,Life,5390.86,Approved,Fire,IL,148,0,2026-05-25 11:11:10.711257
635,2677,059-99-6683,Auto,41566.89,Denied,Theft,MH,298,0,2026-05-25 11:11:10.711274
636,4687,776-29-3052,Life,4707.51,Pending,Fire,MP,240,0,2026-05-25 11:11:10.711294
637,1091,521-01-5607,Auto,20679.9,Approved,Theft,GU,290,0,2026-05-25 11:11:10.711312
638,2706,602-04-4963,Home,41953.01,Approved,Fire,SC,216,0,2026-05-25 11:11:10.711328
639,2007,725-05-8661,Home,28657.2,Approved,Flood,NV,104,0,2026-05-25 11:11:10.711345
640,4081,432-08-8727,Auto,42923.33,Pending,Theft,TN,256,0,2026-05-25 11:11:10.711362
641,1270,511-41-0336,Home,5432.01,Approved,Accident,VI,288,1,2026-05-25 11:11:10.711378
642,4609,120-08-9461,Auto,41761.15,Denied,Accident,NY,110,0,2026-05-25 11:11:10.711394
643,1280,783-65-2117,Auto,44196.24,Approved,Fire,MI,193,0,2026-05-25 11:11:10.711414
644,2395,048-34-9080,Home,16748.88,Denied,Accident,FL,238,0,2026-05-25 11:11:10.711431
645,3957,877-86-6772,Auto,37301.48,Pending,Theft,AR,273,0,2026-05-25 11:11:10.711448
646,1379,601-38-2762,Auto,30135.03,Denied,Theft,FL,106,0,2026-05-25 11:11:10.711464
647,4279,389-29-5570,Home,16873.38,Denied,Theft,KS,142,0,2026-05-25 11:11:10.711481
648,4276,272-13-8997,Auto,9077.97,Pending,Fire,NM,152,0,2026-05-25 11:11:10.711497
649,3558,108-07-0601,Auto,22253.47,Denied,Accident,NM,150,0,2026-05-25 11:11:10.711513
650,3520,576-07-5672,Life,19830.43,Denied,Theft,OR,129,0,2026-05-25 11:11:10.711531
651,2217,833-13-9924,Auto,28641.29,Approved,Accident,OR,290,0,2026-05-25 11:11:10.711548
652,4621,833-25-6419,Life,18079.17,Denied,Fire,WI,163,0,2026-05-25 11:11:10.711564
653,2915,506-46-9723,Life,27523.2,Denied,Flood,DC,300,0,2026-05-25 11:11:10.711584
654,2114,114-29-2969,Life,27144.65,Pending,Theft,IA,262,1,2026-05-25 11:11:10.711602
655,1562,483-27-4121,Auto,47544.98,Denied,Flood,DE,200,0,2026-05-25 11:11:10.711619
656,3480,790-79-5420,Auto,12920.62,Denied,Theft,VT,118,0,2026-05-25 11:11:10.711636
657,3569,746-91-4020,Home,49058.79,Denied,Theft,LA,252,1,2026-05-25 11:11:10.711652
658,2648,404-68-0782,Life,44166.03,Approved,Fire,ME,291,0,2026-05-25 11:11:10.711668
659,2061,729-14-4720,Life,18878.12,Approved,Flood,MS,199,0,2026-05-25 11:11:10.711685
660,3650,849-87-2364,Auto,11951.75,Pending,Fire,SC,189,1,2026-05-25 11:11:10.711701
661,2723,130-43-5887,Auto,39090.21,Denied,Accident,WI,231,0,2026-05-25 11:11:10.711718
662,3374,236-70-9053,Auto,1616.18,Denied,Flood,NJ,128,0,2026-05-25 11:11:10.711739
663,3990,636-66-9548,Auto,3439.73,Pending,Accident,MD,213,0,2026-05-25 11:11:10.711759
664,4801,786-14-7097,Life,15883.52,Pending,Fire,NC,100,0,2026-05-25 11:11:10.711776
665,4147,619-78-2974,Auto,40266.04,Approved,Flood,CA,286,0,2026-05-25 11:11:10.711792
666,3664,742-67-0261,Life,47718.2,Denied,Accident,NV,155,0,2026-05-25 11:11:10.711809
667,4336,387-44-1282,Life,35874.02,Approved,Flood,AS,198,0,2026-05-25 11:11:10.711825
668,2903,207-24-0307,Auto,46596.16,Approved,Flood,AR,213,1,2026-05-25 11:11:10.711842
669,1799,228-34-5046,Auto,32989.52,Denied,Flood,DC,299,0,2026-05-25 11:11:10.711862
670,4505,766-26-1447,Home,17914.67,Approved,Fire,RI,128,0,2026-05-25 11:11:10.711880
671,3608,219-02-3690,Auto,40415.44,Denied,Flood,LA,180,0,2026-05-25 11:11:10.711896
672,2314,814-76-9223,Home,34332.59,Approved,Theft,VA,193,1,2026-05-25 11:11:10.711921
673,1931,143-33-4849,Auto,24141.85,Denied,Accident,CT,159,0,2026-05-25 11:11:10.711962
674,1836,296-48-3733,Life,27662.2,Denied,Fire,MH,126,0,2026-05-25 11:11:10.711977
675,2584,264-59-4733,Auto,6662.91,Denied,Fire,AR,121,1,2026-05-25 11:11:10.711991
676,2091,570-68-4796,Home,49862.71,Denied,Accident,NC,194,0,2026-05-25 11:11:10.712005
677,4924,312-52-3837,Home,25913.95,Denied,Theft,FM,176,0,2026-05-25 11:11:10.712019
678,2419,535-83-3414,Auto,43700.37,Approved,Theft,OH,181,1,2026-05-25 11:11:10.712033
679,4848,578-69-0249,Home,27696.7,Pending,Theft,DE,252,0,2026-05-25 11:11:10.712048
680,3376,756-95-7200,Life,42348.9,Approved,Fire,GU,135,0,2026-05-25 11:11:10.712063
681,4790,299-35-0347,Life,7320.98,Approved,Fire,ND,296,0,2026-05-25 11:11:10.712078
682,4864,275-15-2076,Life,28742.89,Denied,Theft,NV,130,0,2026-05-25 11:11:10.712092
683,3700,883-73-9884,Home,20185.71,Approved,Flood,TX,184,0,2026-05-25 11:11:10.712110
684,1563,390-23-7841,Life,2230.28,Approved,Flood,ME,165,0,2026-05-25 11:11:10.712126
685,4372,058-22-0845,Home,17772.47,Approved,Accident,ND,290,0,2026-05-25 11:11:10.712140
686,2026,698-61-8365,Auto,40337.59,Pending,Accident,FM,247,0,2026-05-25 11:11:10.712155
687,4977,219-79-0758,Home,29448.61,Denied,Accident,MI,213,0,2026-05-25 11:11:10.712169
688,4415,454-70-8455,Home,43397.52,Denied,Theft,NM,166,0,2026-05-25 11:11:10.712183
689,2748,689-30-3288,Life,35373.84,Denied,Accident,NM,184,0,2026-05-25 11:11:10.712196
690,2905,201-22-0224,Home,34211.15,Pending,Accident,WA,132,0,2026-05-25 11:11:10.712210
691,3465,128-55-2783,Life,43634.59,Approved,Fire,IN,188,0,2026-05-25 11:11:10.712224
692,3833,597-74-0168,Home,32537.47,Approved,Accident,NH,132,1,2026-05-25 11:11:10.712239
693,3146,178-57-3527,Auto,15437.24,Approved,Theft,CO,190,0,2026-05-25 11:11:10.712257
694,4907,219-05-6803,Life,41863.21,Approved,Flood,CT,104,0,2026-05-25 11:11:10.712272
695,4651,142-16-4834,Auto,24398.2,Denied,Flood,AL,220,1,2026-05-25 11:11:10.712287
696,3936,098-85-1190,Auto,24043.66,Denied,Flood,WY,274,1,2026-05-25 11:11:10.712305
697,4670,392-44-7937,Auto,3875.43,Approved,Flood,AL,205,0,2026-05-25 11:11:10.712320
698,3153,632-50-2802,Home,39566.39,Denied,Theft,AR,164,1,2026-05-25 11:11:10.712335
699,4192,152-93-6610,Home,34509.03,Pending,Accident,MT,124,0,2026-05-25 11:11:10.712349
700,2531,190-65-7895,Home,17162.08,Denied,Fire,OH,259,0,2026-05-25 11:11:10.712366
701,4202,354-78-6925,Life,22941.86,Approved,Accident,TX,273,0,2026-05-25 11:11:10.712381
702,2092,623-37-7437,Auto,31161.11,Approved,Fire,SD,131,0,2026-05-25 11:11:10.712398
703,4950,519-33-1754,Life,30473.16,Denied,Fire,UT,109,1,2026-05-25 11:11:10.712415
704,4645,081-03-0015,Auto,36397.71,Approved,Fire,OR,247,1,2026-05-25 11:11:10.712429
705,1621,642-35-7947,Life,49098.71,Denied,Fire,RI,260,0,2026-05-25 11:11:10.712444
706,2275,766-69-9535,Auto,42509.0,Pending,Fire,FM,298,1,2026-05-25 11:11:10.712458
707,4085,142-46-9437,Life,48335.38,Pending,Flood,OH,211,0,2026-05-25 11:11:10.712472
708,2502,870-24-0373,Life,42876.61,Approved,Accident,RI,206,0,2026-05-25 11:11:10.712486
709,4415,597-22-6180,Auto,31202.99,Pending,Accident,NM,101,0,2026-05-25 11:11:10.712500
710,1877,206-81-5855,Auto,18418.22,Pending,Theft,AS,223,0,2026-05-25 11:11:10.712515
711,4195,745-61-8747,Auto,26610.49,Approved,Flood,VT,104,1,2026-05-25 11:11:10.712529
712,4140,282-74-2675,Home,37510.82,Approved,Fire,TX,168,0,2026-05-25 11:11:10.712542
713,1805,428-26-0749,Auto,34113.24,Approved,Flood,AR,185,0,2026-05-25 11:11:10.712560
714,2495,765-12-6824,Life,23105.45,Denied,Accident,NH,156,0,2026-05-25 11:11:10.712575
715,2885,041-21-9159,Auto,4510.81,Pending,Accident,FL,106,0,2026-05-25 11:11:10.712589
716,1054,377-02-3385,Life,48549.68,Denied,Fire,OR,128,1,2026-05-25 11:11:10.712604
717,4047,059-87-9175,Home,41547.06,Denied,Flood,WA,130,0,2026-05-25 11:11:10.712618
718,1296,320-33-4614,Life,29306.54,Approved,Fire,MP,218,0,2026-05-25 11:11:10.712631
719,3910,629-59-8847,Auto,17060.29,Pending,Theft,PW,283,1,2026-05-25 11:11:10.712646
720,2712,813-49-3057,Life,8374.86,Pending,Theft,HI,122,0,2026-05-25 11:11:10.712659
721,1982,458-06-7234,Auto,11170.85,Denied,Flood,MD,300,0,2026-05-25 11:11:10.712673
722,1928,086-67-4607,Life,2000.41,Denied,Flood,NH,275,0,2026-05-25 11:11:10.712687
723,1514,855-27-4581,Life,11024.98,Denied,Accident,OR,278,0,2026-05-25 11:11:10.712704
724,1807,035-24-7364,Auto,19560.63,Approved,Fire,FL,236,0,2026-05-25 11:11:10.712718
725,4143,396-62-6075,Home,29751.65,Approved,Theft,NY,254,0,2026-05-25 11:11:10.712733
726,1053,216-83-4725,Life,31940.96,Pending,Flood,TX,121,1,2026-05-25 11:11:10.712748
727,2843,302-02-4138,Home,34330.26,Approved,Fire,FM,237,0,2026-05-25 11:11:10.712762
728,1596,637-70-9286,Auto,20499.2,Approved,Flood,CT,284,1,2026-05-25 11:11:10.712776
729,1580,024-06-7125,Life,37708.44,Approved,Theft,OR,115,0,2026-05-25 11:11:10.712790
730,4985,812-38-8859,Auto,25297.14,Denied,Flood,CA,227,1,2026-05-25 11:11:10.712805
731,2656,656-06-6631,Auto,40118.42,Pending,Fire,AS,174,1,2026-05-25 11:11:10.712819
732,2853,526-99-8542,Home,36110.82,Pending,Theft,NC,221,1,2026-05-25 11:11:10.712838
733,1850,401-17-5742,Home,33530.03,Approved,Theft,VA,237,1,2026-05-25 11:11:10.712857
734,2603,888-84-9156,Auto,19172.5,Approved,Theft,MI,192,0,2026-05-25 11:11:10.712872
735,3895,194-55-6023,Life,25539.13,Denied,Accident,MP,165,0,2026-05-25 11:11:10.712885
736,4581,616-79-8000,Home,22138.31,Approved,Accident,WV,153,0,2026-05-25 11:11:10.712899
737,1366,696-67-6534,Life,39364.43,Pending,Theft,IN,228,0,2026-05-25 11:11:10.712912
738,2469,615-91-9289,Auto,37427.27,Denied,Flood,KS,138,0,2026-05-25 11:11:10.712926
739,3094,380-56-2712,Home,5591.93,Denied,Fire,FL,264,0,2026-05-25 11:11:10.712940
740,3336,462-52-1554,Life,29769.84,Pending,Flood,NY,103,1,2026-05-25 11:11:10.712954
741,3520,698-03-9807,Auto,6564.51,Pending,Theft,NE,219,0,2026-05-25 11:11:10.712968
742,4422,777-26-5748,Home,10892.26,Denied,Accident,OK,225,0,2026-05-25 11:11:10.712984
743,2967,080-62-7837,Home,43542.53,Denied,Fire,ND,289,0,2026-05-25 11:11:10.713002
744,4301,770-80-4126,Auto,45891.85,Pending,Flood,LA,266,0,2026-05-25 11:11:10.713016
745,2268,709-54-3404,Life,16971.81,Approved,Theft,VA,114,0,2026-05-25 11:11:10.713029
746,4534,569-91-9147,Life,29617.03,Denied,Accident,AK,181,0,2026-05-25 11:11:10.713043
747,3151,827-73-8944,Home,3966.56,Denied,Theft,PR,165,0,2026-05-25 11:11:10.713058
748,4707,519-51-7151,Auto,37787.79,Approved,Accident,DC,251,1,2026-05-25 11:11:10.713072
749,1605,228-20-5069,Auto,22961.6,Pending,Fire,MS,205,0,2026-05-25 11:11:10.713087
750,3431,875-78-2662,Home,30233.73,Denied,Theft,MA,160,0,2026-05-25 11:11:10.713100
751,1100,858-61-3880,Auto,4888.13,Approved,Accident,TN,167,1,2026-05-25 11:11:10.713114
752,4269,873-19-8703,Life,35061.63,Approved,Flood,NC,274,0,2026-05-25 11:11:10.713128
753,4742,195-13-9700,Life,37227.37,Approved,Theft,GA,197,0,2026-05-25 11:11:10.713145
754,3159,117-30-4987,Life,30446.96,Denied,Flood,NE,195,0,2026-05-25 11:11:10.713159
755,1698,259-41-4017,Home,40373.72,Denied,Fire,OH,286,0,2026-05-25 11:11:10.713173
756,4687,185-73-7363,Home,3584.13,Pending,Fire,LA,145,0,2026-05-25 11:11:10.713187
757,2220,815-28-9606,Life,47335.09,Approved,Theft,WA,194,0,2026-05-25 11:11:10.713200
758,4940,057-55-7651,Home,24181.89,Denied,Fire,CA,101,0,2026-05-25 11:11:10.713215
759,4330,002-38-2690,Life,34962.46,Denied,Flood,ME,294,0,2026-05-25 11:11:10.713228
760,4831,545-54-5614,Life,10272.48,Denied,Accident,TX,101,1,2026-05-25 11:11:10.713242
761,1998,124-77-8627,Home,1298.17,Denied,Accident,TN,126,0,2026-05-25 11:11:10.713256
762,3825,042-53-8176,Life,36750.83,Approved,Theft,UT,113,0,2026-05-25 11:11:10.713271
763,3561,395-24-3834,Auto,39514.46,Pending,Accident,DC,248,1,2026-05-25 11:11:10.713288
764,2236,416-17-3901,Auto,25499.01,Denied,Accident,AR,173,0,2026-05-25 11:11:10.713305
765,2809,405-32-8001,Home,28385.2,Approved,Accident,IL,190,0,2026-05-25 11:11:10.713320
766,4717,882-86-4400,Home,18018.42,Approved,Theft,GA,241,0,2026-05-25 11:11:10.713333
767,1333,160-33-8534,Home,11990.87,Denied,Accident,MS,107,0,2026-05-25 11:11:10.713347
768,2480,821-60-6977,Home,15530.04,Pending,Fire,PA,209,1,2026-05-25 11:11:10.713361
769,3588,797-76-0623,Life,16033.47,Pending,Flood,WI,269,1,2026-05-25 11:11:10.713375
770,2254,630-55-2657,Auto,22075.42,Pending,Theft,LA,153,0,2026-05-25 11:11:10.713389
771,2193,180-38-9030,Home,21559.21,Denied,Theft,KY,234,0,2026-05-25 11:11:10.713403
772,3162,809-45-8194,Life,33460.19,Denied,Flood,NM,105,0,2026-05-25 11:11:10.713417
773,3291,233-45-0464,Home,8632.18,Denied,Theft,NC,172,1,2026-05-25 11:11:10.713433
774,3236,777-67-1164,Auto,38118.09,Approved,Accident,WY,203,0,2026-05-25 11:11:10.713448
775,2978,803-29-1162,Life,1263.86,Denied,Theft,AZ,107,0,2026-05-25 11:11:10.713462
776,2922,482-78-7220,Life,31497.01,Pending,Accident,IA,189,0,2026-05-25 11:11:10.713478
777,3779,594-52-5982,Home,5849.94,Denied,Fire,AK,202,1,2026-05-25 11:11:10.713493
778,2745,524-07-4277,Auto,11780.68,Approved,Theft,MN,122,1,2026-05-25 11:11:10.713506
779,2599,753-58-5272,Auto,36507.83,Approved,Fire,MD,260,0,2026-05-25 11:11:10.713520
780,1099,101-44-6614,Auto,19432.09,Pending,Accident,NC,102,0,2026-05-25 11:11:10.713534
781,4765,447-51-3348,Auto,21667.27,Pending,Fire,NJ,156,0,2026-05-25 11:11:10.713548
782,2569,311-96-1652,Auto,13733.08,Approved,Flood,AK,169,1,2026-05-25 11:11:10.713565
783,3732,765-31-9898,Life,48685.62,Pending,Accident,RI,292,0,2026-05-25 11:11:10.713583
784,1369,557-36-6903,Auto,20081.85,Denied,Accident,OR,215,0,2026-05-25 11:11:10.713597
785,2946,662-73-6973,Auto,40335.4,Pending,Flood,MS,295,0,2026-05-25 11:11:10.713611
786,3739,674-81-0870,Life,39703.49,Pending,Fire,MO,125,0,2026-05-25 11:11:10.713625
787,3141,099-83-1118,Auto,38649.49,Pending,Fire,KY,275,0,2026-05-25 11:11:10.713640
788,1140,889-89-1932,Auto,1145.49,Pending,Theft,NM,171,1,2026-05-25 11:11:10.713654
789,4313,737-12-4490,Life,28464.86,Approved,Theft,DC,179,0,2026-05-25 11:11:10.713668
790,2740,449-99-0122,Auto,48103.0,Denied,Theft,FL,238,1,2026-05-25 11:11:10.713682
791,3036,491-14-9960,Auto,36285.75,Approved,Flood,CO,176,1,2026-05-25 11:11:10.713695
792,1924,085-39-8652,Home,1349.28,Pending,Flood,VI,264,0,2026-05-25 11:11:10.713710
793,1754,619-17-7639,Life,21864.05,Denied,Theft,FM,202,0,2026-05-25 11:11:10.713727
794,2726,560-46-9769,Home,44984.05,Approved,Accident,TN,264,0,2026-05-25 11:11:10.713741
795,2285,482-41-4879,Auto,32037.29,Pending,Theft,MH,271,0,2026-05-25 11:11:10.713755
796,3407,465-61-9798,Auto,4003.63,Pending,Accident,AR,138,0,2026-05-25 11:11:10.713772
797,4365,279-83-8324,Life,28539.93,Approved,Accident,IN,200,0,2026-05-25 11:11:10.713787
798,2082,002-75-0713,Home,5770.55,Approved,Theft,CA,118,0,2026-05-25 11:11:10.713801
799,2443,525-90-2115,Auto,16650.32,Approved,Flood,SD,115,0,2026-05-25 11:11:10.713814
800,3796,169-29-2889,Life,33059.04,Pending,Theft,NM,214,0,2026-05-25 11:11:10.713828
801,4408,367-21-4463,Auto,39365.59,Pending,Flood,MS,168,1,2026-05-25 11:11:10.713842
802,3832,106-89-8356,Life,20820.91,Denied,Accident,ND,182,1,2026-05-25 11:11:10.713856
803,1930,756-85-9279,Home,11937.79,Denied,Theft,MO,129,0,2026-05-25 11:11:10.713873
804,4442,747-33-0078,Auto,31991.11,Approved,Accident,TX,103,0,2026-05-25 11:11:10.713887
805,1314,864-12-3320,Auto,20470.82,Denied,Accident,ND,136,0,2026-05-25 11:11:10.713902
806,2692,573-35-2314,Home,34656.66,Pending,Flood,SC,258,1,2026-05-25 11:11:10.713916
807,1261,252-88-6786,Home,22533.96,Pending,Accident,MH,183,0,2026-05-25 11:11:10.713929
808,1330,039-76-7023,Auto,31123.97,Pending,Flood,IL,290,0,2026-05-25 11:11:10.713943
809,3601,717-03-1839,Auto,44400.7,Pending,Accident,OR,135,0,2026-05-25 11:11:10.713957
810,3373,157-49-3645,Life,12757.49,Approved,Theft,AZ,257,0,2026-05-25 11:11:10.713971
811,1396,230-37-8025,Auto,11154.79,Pending,Flood,MP,146,0,2026-05-25 11:11:10.713985
812,1516,718-44-3862,Life,10214.15,Denied,Accident,MD,107,0,2026-05-25 11:11:10.713999
813,2630,491-24-8424,Auto,47224.11,Pending,Flood,NM,290,0,2026-05-25 11:11:10.714016
814,3087,311-97-6532,Life,19887.4,Approved,Fire,SC,236,0,2026-05-25 11:11:10.714030
815,4241,822-20-3937,Home,25569.86,Denied,Theft,TX,159,0,2026-05-25 11:11:10.714044
816,1187,320-74-7729,Life,42900.63,Approved,Fire,WY,229,0,2026-05-25 11:11:10.714057
817,4468,218-55-1530,Life,30236.42,Pending,Fire,HI,239,0,2026-05-25 11:11:10.714072
818,2853,476-99-8916,Home,48260.12,Approved,Theft,CT,200,0,2026-05-25 11:11:10.714085
819,2514,642-93-0024,Home,20922.29,Pending,Accident,DC,149,1,2026-05-25 11:11:10.714099
820,4365,899-72-3173,Auto,37674.46,Approved,Fire,GU,149,0,2026-05-25 11:11:10.714113
821,4549,485-63-1544,Home,11732.04,Denied,Accident,WY,232,1,2026-05-25 11:11:10.714130
822,2075,116-57-1392,Home,12440.26,Pending,Theft,PA,141,1,2026-05-25 11:11:10.714144
823,2404,537-16-6737,Life,47610.81,Approved,Fire,NM,266,0,2026-05-25 11:11:10.714160
824,3610,860-79-8426,Life,49074.14,Denied,Theft,PW,221,0,2026-05-25 11:11:10.714174
825,2134,876-98-2082,Life,26078.91,Pending,Accident,MD,273,0,2026-05-25 11:11:10.714187
826,2152,236-10-4018,Life,30607.56,Pending,Accident,DC,278,0,2026-05-25 11:11:10.714201
827,3819,781-51-2162,Home,5114.19,Approved,Theft,UT,270,0,2026-05-25 11:11:10.714218
828,2275,195-32-0379,Home,20461.74,Approved,Accident,SD,156,0,2026-05-25 11:11:10.714232
829,1716,279-18-7693,Auto,49725.83,Approved,Fire,VI,149,1,2026-05-25 11:11:10.714246
830,3897,228-80-7328,Home,3188.14,Denied,Fire,MP,253,1,2026-05-25 11:11:10.714260
831,1838,177-77-2413,Home,20566.71,Approved,Theft,MP,299,1,2026-05-25 11:11:10.714274
832,3137,373-44-9296,Life,43572.4,Pending,Fire,VA,271,0,2026-05-25 11:11:10.714288
833,1950,823-80-2753,Home,49568.36,Approved,Flood,MS,192,1,2026-05-25 11:11:10.714305
834,4098,746-29-7833,Life,32875.52,Pending,Accident,NJ,161,0,2026-05-25 11:11:10.714319
835,1492,341-53-7659,Auto,8227.67,Pending,Fire,IL,282,1,2026-05-25 11:11:10.714333
836,1892,158-01-3285,Home,46606.45,Approved,Fire,WA,143,0,2026-05-25 11:11:10.714347
837,1561,415-37-2745,Auto,28094.43,Pending,Fire,IN,166,0,2026-05-25 11:11:10.714360
838,4113,456-62-4811,Auto,38712.79,Pending,Theft,NC,226,0,2026-05-25 11:11:10.714374
839,3910,316-64-5802,Home,48082.85,Denied,Fire,CA,284,0,2026-05-25 11:11:10.714388
840,3980,146-42-9254,Home,35185.35,Denied,Flood,OH,256,1,2026-05-25 11:11:10.714402
841,4349,574-75-5364,Auto,35604.8,Denied,Theft,AK,297,1,2026-05-25 11:11:10.714416
842,4351,273-53-9766,Life,33217.81,Approved,Accident,MH,232,0,2026-05-25 11:11:10.714429
843,3179,461-58-7907,Auto,6238.94,Pending,Flood,PA,236,0,2026-05-25 11:11:10.714446
844,1609,646-76-4029,Life,4175.09,Approved,Accident,VA,138,1,2026-05-25 11:11:10.714460
845,2531,068-89-5136,Auto,40971.74,Pending,Theft,OR,108,0,2026-05-25 11:11:10.714474
846,3262,270-69-7784,Home,44176.16,Pending,Flood,ND,222,1,2026-05-25 11:11:10.714488
847,1044,102-70-2603,Home,16245.97,Pending,Fire,SD,262,0,2026-05-25 11:11:10.714502
848,1263,787-41-4719,Home,36826.06,Approved,Theft,PW,297,0,2026-05-25 11:11:10.714516
849,2561,811-95-1010,Home,45334.0,Denied,Accident,GU,252,0,2026-05-25 11:11:10.714529
850,4884,095-17-8218,Auto,15770.35,Denied,Accident,WA,174,1,2026-05-25 11:11:10.714544
851,4162,113-46-4365,Life,30574.11,Approved,Flood,NV,225,1,2026-05-25 11:11:10.714559
852,4457,665-04-6267,Home,24254.31,Approved,Accident,AK,123,0,2026-05-25 11:11:10.714573
853,4684,862-86-4920,Home,18248.72,Pending,Flood,CO,231,1,2026-05-25 11:11:10.714590
854,4119,514-96-2217,Home,15166.0,Approved,Fire,OK,250,0,2026-05-25 11:11:10.714605
855,1358,015-57-9520,Auto,49837.4,Approved,Flood,PA,290,0,2026-05-25 11:11:10.714619
856,4070,171-52-0781,Auto,1707.07,Approved,Flood,MA,105,1,2026-05-25 11:11:10.714633
857,1211,639-15-4041,Auto,11619.54,Pending,Flood,VT,123,1,2026-05-25 11:11:10.714646
858,4823,249-18-9198,Home,8742.65,Pending,Fire,NM,189,1,2026-05-25 11:11:10.714660
859,4811,179-97-2097,Life,38386.95,Approved,Accident,WA,192,0,2026-05-25 11:11:10.714708
860,2214,756-16-2549,Life,49682.97,Approved,Fire,FL,136,0,2026-05-25 11:11:10.714728
861,4184,390-15-2312,Home,35224.98,Denied,Accident,PR,253,1,2026-05-25 11:11:10.714745
862,2691,860-29-6460,Life,13636.46,Pending,Flood,NH,197,0,2026-05-25 11:11:10.714759
863,4478,776-98-4571,Auto,39923.8,Pending,Accident,NH,291,1,2026-05-25 11:11:10.714776
864,4607,507-24-6950,Auto,13850.41,Approved,Theft,NV,246,1,2026-05-25 11:11:10.714790
865,3200,190-73-1871,Life,28815.78,Pending,Flood,NV,272,0,2026-05-25 11:11:10.714805
866,1164,813-65-2342,Home,39023.59,Approved,Flood,ND,145,0,2026-05-25 11:11:10.714818
867,2132,645-75-9538,Life,17646.23,Pending,Theft,NE,217,0,2026-05-25 11:11:10.714832
868,2067,551-95-4067,Auto,48893.35,Denied,Theft,LA,122,0,2026-05-25 11:11:10.714846
869,3457,342-83-0534,Life,34050.98,Denied,Theft,PR,216,0,2026-05-25 11:11:10.714859
870,2755,854-20-4759,Home,18096.28,Pending,Theft,UT,118,1,2026-05-25 11:11:10.714873
871,2159,187-86-2458,Home,11897.89,Denied,Theft,NH,270,0,2026-05-25 11:11:10.714886
872,4873,756-75-3073,Home,13452.99,Denied,Theft,MH,196,0,2026-05-25 11:11:10.714900
873,3075,801-41-8512,Auto,14671.14,Denied,Theft,TN,223,0,2026-05-25 11:11:10.714917
874,4793,506-08-1863,Auto,29005.03,Pending,Flood,MH,197,0,2026-05-25 11:11:10.714934
875,3037,550-64-8003,Auto,14815.07,Approved,Flood,AZ,114,0,2026-05-25 11:11:10.714947
876,4896,894-80-5788,Life,36623.28,Denied,Fire,PW,162,0,2026-05-25 11:11:10.714961
877,4344,257-90-9314,Life,4480.86,Denied,Fire,KS,115,0,2026-05-25 11:11:10.714975
878,3539,122-55-0931,Auto,3933.05,Approved,Theft,NC,249,1,2026-05-25 11:11:10.714989
879,3292,410-92-8717,Life,2738.72,Pending,Fire,MT,278,0,2026-05-25 11:11:10.715002
880,4276,794-38-5438,Home,25566.5,Denied,Flood,AZ,257,0,2026-05-25 11:11:10.715015
881,3632,293-50-8485,Home,46258.66,Pending,Theft,GU,267,0,2026-05-25 11:11:10.715029
882,1838,557-58-3838,Home,45852.04,Approved,Flood,VT,280,1,2026-05-25 11:11:10.715043
883,2981,678-85-9507,Auto,16810.2,Pending,Fire,HI,291,0,2026-05-25 11:11:10.715060
884,4680,544-62-8588,Auto,41980.42,Approved,Accident,FM,260,1,2026-05-25 11:11:10.715073
885,3170,488-02-2211,Life,14118.03,Approved,Fire,CA,126,1,2026-05-25 11:11:10.715092
886,3496,776-13-5630,Life,39589.88,Denied,Flood,IN,202,0,2026-05-25 11:11:10.715106
887,1402,133-50-1285,Life,45610.47,Approved,Theft,PA,263,0,2026-05-25 11:11:10.715120
888,3981,525-03-0187,Auto,14062.21,Denied,Theft,NC,106,0,2026-05-25 11:11:10.715134
889,2580,774-67-6028,Life,25428.36,Approved,Accident,RI,190,1,2026-05-25 11:11:10.715147
890,3773,742-66-5427,Auto,40560.81,Approved,Flood,AL,225,0,2026-05-25 11:11:10.715161
891,4464,896-87-5466,Life,40438.49,Pending,Theft,KY,217,0,2026-05-25 11:11:10.715178
892,2428,761-22-4054,Life,29453.54,Approved,Theft,ME,267,0,2026-05-25 11:11:10.715192
893,2379,221-85-0861,Home,12055.33,Pending,Flood,MS,258,0,2026-05-25 11:11:10.715208
894,2533,434-75-2903,Auto,40897.18,Approved,Fire,ND,110,1,2026-05-25 11:11:10.715223
895,2032,725-01-1237,Auto,35088.39,Pending,Flood,MT,117,0,2026-05-25 11:11:10.715237
896,4423,123-30-9015,Life,5746.86,Pending,Flood,MN,268,0,2026-05-25 11:11:10.715250
897,4126,466-67-2301,Auto,16985.15,Pending,Flood,IL,248,0,2026-05-25 11:11:10.715264
898,1946,168-60-9155,Auto,34366.87,Denied,Theft,VA,170,1,2026-05-25 11:11:10.715281
899,1428,853-16-7799,Life,16612.02,Approved,Theft,VT,105,0,2026-05-25 11:11:10.715295
900,4678,225-35-6061,Auto,45642.09,Pending,Accident,GA,254,0,2026-05-25 11:11:10.715309
901,1893,532-41-3208,Home,9056.17,Approved,Accident,NM,277,0,2026-05-25 11:11:10.715323
902,4514,868-29-0792,Home,48893.91,Pending,Fire,FL,152,1,2026-05-25 11:11:10.715336
903,3907,108-38-3984,Auto,13678.39,Denied,Flood,NC,174,0,2026-05-25 11:11:10.715353
904,3013,231-13-8530,Life,41727.37,Approved,Theft,UT,100,0,2026-05-25 11:11:10.715367
905,1847,864-30-9836,Home,18754.85,Denied,Fire,SC,100,0,2026-05-25 11:11:10.715381
906,3970,675-61-8645,Auto,34753.57,Approved,Theft,KY,279,0,2026-05-25 11:11:10.715395
907,4658,185-60-9275,Life,9663.14,Denied,Theft,NV,120,0,2026-05-25 11:11:10.715408
908,2955,870-41-9656,Home,13368.46,Pending,Accident,IN,105,1,2026-05-25 11:11:10.715422
909,4871,851-55-6055,Home,29624.87,Approved,Flood,MN,287,0,2026-05-25 11:11:10.715435
910,2926,715-87-0701,Home,48527.39,Denied,Fire,IN,261,0,2026-05-25 11:11:10.715449
911,4345,822-87-6488,Auto,16697.89,Pending,Accident,MD,169,0,2026-05-25 11:11:10.715463
912,4901,110-76-1163,Auto,1380.2,Approved,Flood,KS,170,1,2026-05-25 11:11:10.715477
913,3492,690-46-1183,Home,1352.85,Denied,Flood,CO,288,0,2026-05-25 11:11:10.715494
914,2510,676-12-6736,Home,36272.8,Denied,Theft,MD,156,0,2026-05-25 11:11:10.715508
915,4499,486-29-9342,Life,48913.29,Denied,Theft,WI,215,0,2026-05-25 11:11:10.715521
916,3659,804-63-4738,Life,6063.59,Pending,Accident,WY,224,0,2026-05-25 11:11:10.715535
917,4000,893-18-7096,Life,42475.19,Pending,Accident,MS,192,0,2026-05-25 11:11:10.715549
918,3313,066-61-3170,Life,48001.05,Denied,Theft,NC,126,1,2026-05-25 11:11:10.715563
919,1230,452-71-8808,Home,16779.82,Approved,Flood,OR,156,1,2026-05-25 11:11:10.715577
920,1766,867-47-6236,Home,19219.71,Pending,Fire,GA,103,0,2026-05-25 11:11:10.715591
921,1032,603-98-9832,Life,13373.92,Pending,Fire,IN,205,0,2026-05-25 11:11:10.715605
922,4128,614-60-0417,Life,10617.37,Approved,Accident,WV,181,0,2026-05-25 11:11:10.715619
923,1131,676-47-0409,Life,35907.62,Denied,Flood,WI,100,0,2026-05-25 11:11:10.715636
924,3874,264-42-4710,Life,49770.77,Approved,Flood,MP,156,0,2026-05-25 11:11:10.715653
925,4643,558-36-2301,Home,42320.34,Denied,Flood,ID,266,0,2026-05-25 11:11:10.715667
926,3589,075-63-3166,Auto,11869.98,Pending,Fire,NE,224,0,2026-05-25 11:11:10.715681
927,1460,110-30-7808,Life,22210.12,Denied,Theft,IL,162,0,2026-05-25 11:11:10.715695
928,4601,745-95-0268,Life,35662.08,Pending,Theft,IA,282,1,2026-05-25 11:11:10.715709
929,4331,572-14-3958,Life,37664.78,Pending,Fire,DC,161,1,2026-05-25 11:11:10.715722
930,3032,423-26-3666,Life,19979.19,Approved,Fire,CA,207,1,2026-05-25 11:11:10.715736
931,1304,845-97-5229,Life,37809.03,Pending,Fire,WI,147,0,2026-05-25 11:11:10.715750
932,4952,005-80-3443,Life,47494.99,Approved,Flood,GA,235,0,2026-05-25 11:11:10.715763
933,2830,823-82-3204,Home,33632.81,Pending,Fire,MT,255,0,2026-05-25 11:11:10.715780
934,1054,689-95-5878,Auto,26769.7,Denied,Fire,RI,267,0,2026-05-25 11:11:10.715794
935,2706,852-10-5296,Home,26486.36,Pending,Accident,WI,272,0,2026-05-25 11:11:10.715808
936,2785,671-65-7835,Auto,11831.21,Approved,Fire,CA,146,1,2026-05-25 11:11:10.715825
937,2299,632-59-4032,Life,47553.38,Denied,Fire,DC,125,0,2026-05-25 11:11:10.715840
938,4557,564-38-2517,Auto,26130.91,Denied,Fire,GA,198,0,2026-05-25 11:11:10.715856
939,2356,363-45-4640,Home,46635.49,Pending,Flood,AS,119,1,2026-05-25 11:11:10.715870
940,2783,344-96-9654,Life,18153.12,Approved,Accident,NC,269,0,2026-05-25 11:11:10.715884
941,4298,364-92-8697,Auto,39911.46,Approved,Fire,ND,210,0,2026-05-25 11:11:10.715897
942,2177,857-05-8921,Life,5724.55,Pending,Fire,IL,236,0,2026-05-25 11:11:10.715911
943,4610,710-50-9670,Home,43756.18,Pending,Fire,OR,156,0,2026-05-25 11:11:10.715928
944,4079,593-83-3333,Home,28945.59,Approved,Accident,MD,137,0,2026-05-25 11:11:10.715942
945,3348,832-06-2807,Auto,28677.77,Pending,Accident,AL,239,1,2026-05-25 11:11:10.715955
946,3275,366-82-0123,Life,48078.62,Pending,Flood,NM,134,0,2026-05-25 11:11:10.715972
947,1756,718-78-6432,Auto,6045.57,Approved,Accident,IN,187,1,2026-05-25 11:11:10.715986
948,1688,266-84-4854,Home,41907.57,Approved,Fire,AR,134,0,2026-05-25 11:11:10.716000
949,4413,061-67-0015,Life,19925.84,Denied,Accident,NH,200,0,2026-05-25 11:11:10.716014
950,3311,690-88-2023,Home,35507.84,Denied,Theft,WI,299,0,2026-05-25 11:11:10.716028
951,1754,464-08-0073,Life,26912.71,Pending,Flood,MS,135,0,2026-05-25 11:11:10.716041
952,1006,594-01-9881,Life,44226.01,Approved,Theft,UT,234,1,2026-05-25 11:11:10.716056
953,3539,281-70-6113,Life,2258.97,Pending,Theft,NY,170,1,2026-05-25 11:11:10.716073
954,2365,355-11-6840,Auto,28748.61,Approved,Accident,CO,237,0,2026-05-25 11:11:10.716087
955,1266,683-22-8068,Auto,6831.77,Approved,Theft,WY,264,0,2026-05-25 11:11:10.716105
956,3832,554-60-2513,Auto,35982.36,Denied,Accident,MP,131,0,2026-05-25 11:11:10.716123
957,2014,440-18-2973,Auto,19237.08,Pending,Theft,OR,164,1,2026-05-25 11:11:10.716139
958,1413,556-89-7115,Auto,33085.79,Denied,Accident,KS,165,0,2026-05-25 11:11:10.716156
959,4177,680-77-3672,Home,3156.38,Pending,Flood,UT,166,0,2026-05-25 11:11:10.716172
960,2206,633-04-7968,Auto,25695.61,Approved,Flood,VI,218,1,2026-05-25 11:11:10.716191
961,3104,570-01-1379,Home,30833.71,Pending,Flood,MH,280,0,2026-05-25 11:11:10.716208
962,3072,061-14-0095,Life,26817.19,Approved,Fire,WA,162,0,2026-05-25 11:11:10.716224
963,3374,216-57-9071,Life,27974.96,Approved,Fire,AL,273,1,2026-05-25 11:11:10.716243
964,3308,722-95-8817,Life,12806.31,Pending,Fire,GA,152,0,2026-05-25 11:11:10.716257
965,4804,037-31-4233,Home,35323.64,Pending,Fire,MT,283,0,2026-05-25 11:11:10.716272
966,4946,126-59-4053,Life,7809.58,Denied,Fire,NE,240,0,2026-05-25 11:11:10.716285
967,1006,249-63-5542,Life,40862.64,Approved,Theft,VT,298,0,2026-05-25 11:11:10.716300
968,1601,254-75-4887,Home,22580.72,Denied,Flood,TX,256,1,2026-05-25 11:11:10.716314
969,2609,607-68-8538,Auto,18053.61,Approved,Fire,CT,105,0,2026-05-25 11:11:10.716328
970,3305,033-46-0751,Auto,28014.03,Denied,Flood,MO,160,0,2026-05-25 11:11:10.716341
971,3026,068-38-7131,Auto,42249.91,Pending,Accident,AZ,106,0,2026-05-25 11:11:10.716355
972,4003,846-88-9593,Home,38478.94,Denied,Accident,OK,141,1,2026-05-25 11:11:10.716369
973,3266,427-68-1228,Auto,32155.36,Pending,Flood,IA,202,0,2026-05-25 11:11:10.716388
974,2491,582-93-6322,Life,7786.25,Pending,Accident,UT,177,0,2026-05-25 11:11:10.716403
975,1207,134-16-8995,Home,40109.7,Pending,Accident,RI,188,0,2026-05-25 11:11:10.716416
976,2793,259-41-9975,Life,45505.48,Pending,Fire,WY,191,0,2026-05-25 11:11:10.716430
977,2990,757-95-9820,Life,40784.25,Denied,Fire,LA,113,0,2026-05-25 11:11:10.716447
978,2439,025-92-1761,Auto,44756.95,Approved,Fire,WI,242,0,2026-05-25 11:11:10.716461
979,1808,653-15-7232,Auto,34801.36,Pending,Flood,MO,211,1,2026-05-25 11:11:10.716476
980,3052,595-80-4013,Life,9358.03,Approved,Fire,AL,173,0,2026-05-25 11:11:10.716490
981,1947,063-15-6798,Home,43918.72,Denied,Theft,MH,127,0,2026-05-25 11:11:10.716504
982,1481,489-71-3784,Life,27395.18,Denied,Accident,LA,254,1,2026-05-25 11:11:10.716518
983,2308,062-50-0363,Home,37876.8,Pending,Theft,VT,212,0,2026-05-25 11:11:10.716535
984,1896,385-64-1758,Home,6105.87,Pending,Fire,PA,181,0,2026-05-25 11:11:10.716548
985,1148,890-11-8506,Home,28428.29,Pending,Accident,NY,182,0,2026-05-25 11:11:10.716562
986,2979,699-13-1016,Home,37008.85,Approved,Accident,FM,107,0,2026-05-25 11:11:10.716575
987,4712,487-78-9698,Auto,1749.38,Pending,Accident,WA,209,1,2026-05-25 11:11:10.716592
988,4836,838-52-2156,Auto,30016.11,Denied,Fire,IN,239,0,2026-05-25 11:11:10.716606
989,3010,091-13-8004,Auto,46452.62,Denied,Theft,DC,171,1,2026-05-25 11:11:10.716620
990,1069,788-42-6762,Home,32389.26,Approved,Theft,AZ,204,1,2026-05-25 11:11:10.716634
991,3422,740-93-4154,Life,37479.09,Approved,Flood,NE,252,1,2026-05-25 11:11:10.716648
992,2987,768-25-1398,Home,6398.02,Pending,Accident,AR,231,0,2026-05-25 11:11:10.716662
993,2145,176-57-9504,Life,2614.15,Pending,Accident,NV,258,1,2026-05-25 11:11:10.716679
994,4057,105-02-3093,Auto,3907.77,Pending,Flood,IL,239,0,2026-05-25 11:11:10.716693
995,2600,890-67-9139,Life,7561.06,Denied,Fire,OH,205,1,2026-05-25 11:11:10.716707
996,3221,817-82-6004,Home,28434.69,Denied,Theft,IN,199,0,2026-05-25 11:11:10.716720
997,4015,449-06-4869,Home,39453.49,Approved,Theft,OR,138,1,2026-05-25 11:11:10.716734
998,3008,072-83-1200,Auto,41266.16,Denied,Accident,LA,134,0,2026-05-25 11:11:10.716747
999,1031,861-24-6043,Home,10237.65,Pending,Fire,WI,256,1,2026-05-25 11:11:10.716761
1000,4182,207-76-4402,Auto,34440.87,Pending,Theft,NC,259,0,2026-05-25 11:11:10.716775
